year,fage,firms,estabs,emp,denom,estabs_entry,estabs_entry_rate,estabs_exit,estabs_exit_rate,job_creation,job_creation_births,job_creation_continuers,job_creation_rate_births,job_creation_rate,job_destruction,job_destruction_deaths,job_destruction_continuers,job_destruction_rate_deaths,job_destruction_rate,net_job_creation,net_job_creation_rate,reallocation_rate,firmdeath_firms,firmdeath_estabs,firmdeath_emp
1978,a) 0,484846,493363,2582124,1291077,493363,199.998,0,0.0,2582125,2582124,0,199.998,199.998,0,0,0,0,0,2582096,199.996,0,0,0,0
1979,a) 0,469099,473906,2429409,1214717,473906,199.998,0,0.0,2429410,2429409,0,199.998,199.998,0,0,0,0,0,2429385,199.996,0,0,0,0
1980,a) 0,428713,434021,2239359,1119683,434021,199.99900000000002,0,0.0,2239357,2239357,0,199.999,199.999,0,0,0,0,0,2239347,199.998,0,0,0,0
1981,a) 0,410652,414284,2307817,1153916,414284,199.998,0,0.0,2307819,2307817,0,199.999,199.999,0,0,0,0,0,2307806,199.998,0,0,0,0
1982,a) 0,398583,406900,2350261,1175131,406900,200.0,0,0.0,2350261,2350261,0,200.000,200.000,0,0,0,0,0,2350261,200.000,0,0,0,0
1983,a) 0,445846,451486,2853127,1426565,451486,199.99900000000002,0,0.0,2853127,2853127,0,200.000,200.000,0,0,0,0,0,2853123,200.000,0,0,0,0
1984,a) 0,524384,530594,2986578,1493298,530594,199.99900000000002,0,0.0,2986581,2986578,0,199.999,199.999,0,0,0,0,0,2986565,199.998,0,0,0,0
1985,a) 0,514888,522202,3330799,1665416,522202,199.99900000000002,0,0.0,3330796,3330796,0,199.998,199.998,0,0,0,0,0,3330759,199.996,0,0,0,0
1986,a) 0,496661,501498,3122407,1561209,501498,199.998,0,0.0,3122407,3122407,0,199.999,199.999,0,0,0,0,0,3122396,199.999,0,0,0,0
1987,a) 0,509117,519222,3510935,1755488,519222,199.99900000000002,0,0.0,3510932,3510932,0,199.998,199.998,0,0,0,0,0,3510888,199.995,0,0,0,0
1988,a) 0,507806,516784,3133819,1566914,516784,199.99900000000002,0,0.0,3133818,3133818,0,199.999,199.999,0,0,0,0,0,3133807,199.999,0,0,0,0
1989,a) 0,503478,511575,3091677,1545839,511575,200.0,0,0.0,3091677,3091677,0,200.000,200.000,0,0,0,0,0,3091677,200.000,0,0,0,0
1990,a) 0,494211,501218,2959829,1479918,501218,199.99900000000002,0,0.0,2959830,2959829,0,200.000,200.000,0,0,0,0,0,2959824,199.999,0,0,0,0
1991,a) 0,451624,457168,2618099,1309050,457168,200.0,0,0.0,2618099,2618099,0,200.000,200.000,0,0,0,0,0,2618097,200.000,0,0,0,0
1992,a) 0,440213,449094,2600868,1300434,449094,200.0,0,0.0,2600868,2600868,0,200.000,200.000,0,0,0,0,0,2600868,200.000,0,0,0,0
1993,a) 0,462047,469427,2665454,1332735,469427,200.0,0,0.0,2665456,2665454,0,199.999,199.999,0,0,0,0,0,2665442,199.998,0,0,0,0
1994,a) 0,476946,484728,2781932,1390972,484728,199.998,0,0.0,2781932,2781932,0,199.999,199.999,0,0,0,0,0,2781919,199.998,0,0,0,0
1995,a) 0,495775,503307,2930505,1465265,503307,199.99900000000002,0,0.0,2930507,2930505,0,199.998,199.998,0,0,0,0,0,2930483,199.997,0,0,0,0
1996,a) 0,494101,496923,2832321,1416163,496923,199.99900000000002,0,0.0,2832321,2832321,0,200.000,200.000,0,0,0,0,0,2832317,199.999,0,0,0,0
1997,a) 0,495182,504601,2883298,1441653,504601,199.99900000000002,0,0.0,2883298,2883298,0,200.000,200.000,0,0,0,0,0,2883290,199.999,0,0,0,0
1998,a) 0,478100,481526,2861071,1430548,481526,199.998,0,0.0,2861072,2861071,0,199.998,199.998,0,0,0,0,0,2861048,199.997,0,0,0,0
1999,a) 0,452201,457412,2588174,1294087,457412,200.0,0,0.0,2588174,2588174,0,200.000,200.000,0,0,0,0,0,2588174,200.000,0,0,0,0
2000,a) 0,447447,453716,2673766,1336889,453716,200.0,0,0.0,2673765,2673765,0,199.999,199.999,0,0,0,0,0,2673751,199.998,0,0,0,0
2001,a) 0,437946,442325,2474293,1237149,442325,200.0,0,0.0,2474293,2474293,0,200.000,200.000,0,0,0,0,0,2474288,199.999,0,0,0,0
2002,a) 0,455034,460742,3027582,1513797,460742,200.0,0,0.0,3027581,3027581,0,199.999,199.999,0,0,0,0,0,3027568,199.998,0,0,0,0
2003,a) 0,470033,472883,2608143,1304074,472883,200.0,0,0.0,2608143,2608143,0,200.000,200.000,0,0,0,0,0,2608138,199.999,0,0,0,0
2004,a) 0,496036,498849,2725907,1362957,498849,199.99900000000002,0,0.0,2725908,2725907,0,200.000,200.000,0,0,0,0,0,2725903,199.999,0,0,0,0
2005,a) 0,519532,524826,2919477,1459747,524826,200.0,0,0.0,2919478,2919477,0,199.999,199.999,0,0,0,0,0,2919462,199.998,0,0,0,0
2006,a) 0,566888,569220,3153508,1576758,569220,199.99900000000002,0,0.0,3153508,3153508,0,199.999,199.999,0,0,0,0,0,3153499,199.999,0,0,0,0
2007,a) 0,504884,509738,2638994,1319554,509738,199.998,0,0.0,2639002,2638994,0,199.991,199.992,0,0,0,0,0,2638896,199.984,0,0,0,0
2008,a) 0,463757,469338,2454459,1227305,469338,200.0,0,0.0,2454468,2454459,0,199.988,199.988,0,0,0,0,0,2454326,199.977,0,0,0,0
2009,a) 0,389009,394436,2140981,1070502,394436,199.998,0,0.0,2140983,2140981,0,199.998,199.998,0,0,0,0,0,2140961,199.996,0,0,0,0
2010,a) 0,372915,381608,2198021,1099011,381608,200.0,0,0.0,2198021,2198021,0,200.000,200.000,0,0,0,0,0,2198021,200.000,0,0,0,0
2011,a) 0,389610,391957,2035948,1017974,391957,200.0,0,0.0,2035948,2035948,0,200.000,200.000,0,0,0,0,0,2035948,200.000,0,0,0,0
2012,a) 0,402146,406675,2193060,1096540,406675,200.0,0,0.0,2193058,2193058,0,199.998,199.998,0,0,0,0,0,2193035,199.996,0,0,0,0
2013,a) 0,400766,403789,2112546,1056273,403789,200.0,0,0.0,2112546,2112546,0,200.000,200.000,0,0,0,0,0,2112546,200.000,0,0,0,0
2014,a) 0,407244,412776,2245467,1122734,412776,200.0,0,0.0,2245467,2245467,0,200.000,200.000,0,0,0,0,0,2245467,200.000,0,0,0,0
2015,a) 0,413468,418242,2244958,1122480,418242,200.0,0,0.0,2244957,2244957,0,200.000,200.000,0,0,0,0,0,2244954,200.000,0,0,0,0
2016,a) 0,433961,437512,2258063,1129032,437512,200.0,0,0.0,2258063,2258063,0,200.000,200.000,0,0,0,0,0,2258063,200.000,0,0,0,0
2017,a) 0,430437,435106,2247807,1123904,435106,200.0,0,0.0,2247807,2247807,0,200.000,200.000,0,0,0,0,0,2247807,200.000,0,0,0,0
2018,a) 0,430630,433206,2429963,1214982,433206,200.0,0,0.0,2429963,2429963,0,200.000,200.000,0,0,0,0,0,2429963,200.000,0,0,0,0
1978,b) 1,355355,367163,2398256,2383354,4751,1.113,124537,29.162,822897,56139,766758,2.355,34.527,781176,525552,255624,22.051,32.776,41721,1.751,65.553,98607,99418,421213
1979,b) 1,358543,368041,2465216,2493761,2120,0.499,116539,27.405,794754,32675,762079,1.310,31.870,842868,509763,333105,20.442,33.799,-48114,-1.929,63.739,92109,92428,400105
1980,b) 1,336309,342195,2171157,2282931,1588,0.39399999999999996,123518,30.636999999999997,628749,25599,603150,1.121,27.541,844486,497336,347150,21.785,36.991,-215737,-9.450,55.083,99522,99694,399013
1981,b) 1,318216,325387,2151188,2187179,2392,0.637,102249,27.243000000000002,652112,29614,622498,1.354,29.815,715750,399713,316037,18.275,32.725,-63638,-2.910,59.630,78070,78316,303086
1982,b) 1,293139,300884,2099233,2185783,4529,1.285,107455,30.497,622490,53804,568686,2.462,28.479,787496,455110,332386,20.821,36.028,-165006,-7.549,56.958,88011,88145,375331
1983,b) 1,303452,314294,2215616,2282080,2609,0.737,82287,23.236,612409,43211,569198,1.893,26.836,738081,376087,361994,16.480,32.342,-125672,-5.507,53.671,65855,66227,309268
1984,b) 1,332792,339343,2755351,2800213,1261,0.324,99787,25.678,812818,29487,783331,1.053,29.027,897889,444991,452898,15.891,32.065,-85071,-3.038,58.054,81376,81519,367259
1985,b) 1,388240,396135,2899950,2935751,1548,0.33899999999999997,122151,26.761999999999997,893030,33013,860017,1.125,30.419,956206,537870,418336,18.321,32.571,-63176,-2.152,60.838,100201,100333,450774
1986,b) 1,371599,385422,3244755,3306061,5008,1.129,121394,27.365,903871,86251,817620,2.609,27.340,1018667,588079,430588,17.788,30.812,-114796,-3.472,54.680,98210,98516,487664
1987,b) 1,378839,391913,3120990,3189741,8633,1.9280000000000002,120507,26.908,978020,123510,854510,3.872,30.661,1102561,604447,498114,18.950,34.566,-124541,-3.904,61.323,98378,98505,481523
1988,b) 1,380901,393551,3398233,3439343,2891,0.6409999999999999,118320,26.22,905577,47810,857767,1.390,26.330,980310,561212,419098,16.317,28.503,-74733,-2.173,52.660,96547,97014,473233
1989,b) 1,380736,393057,3179952,3178887,2898,0.643,118146,26.215,972670,57263,915407,1.801,30.598,961597,566418,395179,17.818,30.249,11073,0.348,60.499,96847,97333,465228
1990,b) 1,376777,387014,3086008,3124041,2239,0.503,118596,26.639,913675,49068,864607,1.571,29.247,981513,554952,426561,17.764,31.418,-67838,-2.171,58.493,98189,98488,479666
1991,b) 1,364527,375676,2672798,2799970,4441,1.024,120845,27.851999999999997,765127,57427,707700,2.051,27.326,1014552,565447,449105,20.195,36.234,-249425,-8.908,54.653,98180,98350,474593
1992,b) 1,338328,349943,2478009,2518080,6795,1.7080000000000002,102521,25.772,751684,84722,666962,3.365,29.851,825809,469474,356335,18.644,32.795,-74125,-2.944,59.703,82571,82732,398870
1993,b) 1,337154,347563,2726186,2727518,2007,0.506,100150,25.25,793661,39611,754050,1.452,29.098,790908,432181,358727,15.845,28.997,2753,0.101,57.995,81091,81322,363455
1994,b) 1,350608,360298,2650968,2663506,2164,0.523,108382,26.217,780777,47475,733302,1.782,29.314,798099,480046,318053,18.023,29.964,-17322,-0.650,58.628,89018,89140,403671
1995,b) 1,365783,375470,2781971,2778586,2025,0.473,107065,25.016,824529,49787,774742,1.792,29.674,812663,453519,359144,16.322,29.247,11866,0.427,58.495,87554,87669,387716
1996,b) 1,379000,389526,2862717,2879817,3222,0.725,112769,25.381,830575,59327,771248,2.060,28.841,855273,465684,389589,16.171,29.699,-24698,-0.858,57.682,92334,92547,398452
1997,b) 1,376022,386334,2795191,2785689,7834,1.7830000000000001,113815,25.906999999999996,887072,117401,769671,4.214,31.844,857115,491953,365162,17.660,30.769,29957,1.075,61.537,93846,93969,424054
1998,b) 1,383497,395216,3075322,3035407,1454,0.324,107882,24.058000000000003,884126,40015,844111,1.318,29.127,796073,431023,365050,14.200,26.226,88053,2.901,52.452,85695,85987,352759
1999,b) 1,369221,374602,2896332,2890714,2250,0.528,105928,24.84,808833,58165,750668,2.012,27.980,789164,438633,350531,15.174,27.300,19669,0.680,54.600,83640,83711,358776
2000,b) 1,347753,354033,2753765,2684578,1293,0.32,101006,25.008000000000003,840761,44367,796394,1.653,31.318,692588,388112,304476,14.457,25.799,148173,5.519,51.598,79445,79622,313006
2001,b) 1,341455,349190,2692037,2683612,1808,0.45299999999999996,102103,25.568,790179,42580,747599,1.587,29.445,766396,422101,344295,15.729,28.558,23783,0.886,57.117,79913,80107,340859
2002,b) 1,331719,339396,2327754,2399905,3926,1.0090000000000001,103206,26.529,644619,62370,582249,2.599,26.860,783671,420047,363624,17.503,32.654,-139052,-5.794,53.720,79876,80031,343511
2003,b) 1,350229,357282,2956440,2976015,2072,0.509,102286,25.108,713084,35287,677797,1.186,23.961,744413,408143,336270,13.714,25.014,-31329,-1.053,47.922,79048,79246,336196
2004,b) 1,361413,364996,2633149,2639763,693,0.166,106774,25.541999999999998,727872,16652,711220,0.631,27.573,734135,415904,318231,15.755,27.811,-6263,-0.237,55.147,83482,83528,343566
2005,b) 1,380099,384215,2689467,2703129,1486,0.337,113731,25.828000000000003,757306,38771,718535,1.434,28.016,775690,424844,350846,15.717,28.696,-18384,-0.680,56.032,87747,87777,346558
2006,b) 1,397531,405384,2946385,2923072,2981,0.643,118975,25.675,827455,51735,775720,1.770,28.308,772125,432739,339386,14.804,26.415,55330,1.893,52.830,96476,96704,367358
2007,b) 1,434180,440626,2956895,3029462,4686,0.934,126684,25.255,786861,64542,722319,2.130,25.974,922495,470072,452423,15.517,30.451,-135634,-4.477,51.947,101258,101329,384451
2008,b) 1,378488,384802,2503892,2565300,1886,0.423,123934,27.799,656645,23962,632683,0.934,25.597,769882,418599,351283,16.318,30.011,-113237,-4.414,51.194,98426,98569,348147
2009,b) 1,345252,351819,2202090,2339293,1342,0.326,120168,29.221,535899,21526,514373,0.920,22.909,800576,423253,377323,18.093,34.223,-264677,-11.314,45.817,93565,93746,346569
2010,b) 1,293783,300329,1991116,2057061,1395,0.40299999999999997,92583,26.764,484032,19566,464466,0.951,23.530,608373,320349,288024,15.573,29.575,-124341,-6.045,47.061,70264,70363,262083
2011,b) 1,282717,292381,2117373,2160298,1635,0.48700000000000004,87851,26.186,534441,28401,506040,1.315,24.739,615772,309624,306148,14.332,28.504,-81331,-3.765,49.478,67201,67295,248414
2012,b) 1,302625,307414,2007853,2006215,2731,0.785,83753,24.072,552618,37768,514850,1.883,27.545,543877,297767,246110,14.842,27.110,8741,0.436,54.219,64327,64394,240918
2013,b) 1,312683,318305,2182628,2177952,1591,0.441,86718,24.03,554072,20767,533305,0.954,25.440,537367,301159,236208,13.828,24.673,16705,0.767,49.346,66559,66635,244118
2014,b) 1,311836,315972,2106721,2107452,1245,0.34700000000000003,86713,24.174,566788,23775,543013,1.128,26.894,561006,305373,255633,14.490,26.620,5782,0.274,53.240,67213,67296,252099
2015,b) 1,319880,326682,2264925,2238950,1636,0.444,84912,23.054000000000002,591822,28002,563820,1.251,26.433,533530,289534,243996,12.932,23.829,58292,2.604,47.659,66169,66283,237636
2016,b) 1,324224,330305,2259953,2239969,1666,0.446,87377,23.415,591256,26507,564749,1.183,26.396,543660,293313,250347,13.095,24.271,47596,2.125,48.542,69898,69958,246796
2017,b) 1,338877,345020,2268805,2245391,2796,0.7170000000000001,92281,23.676,624876,48040,576836,2.139,27.829,570739,312672,258067,13.925,25.418,54137,2.411,50.836,75985,76072,264737
2018,b) 1,336153,341106,2297557,2262093,610,0.158,90298,23.396,622774,14347,608427,0.634,27.531,543579,301497,242082,13.328,24.030,79195,3.501,48.060,78724,78965,266202
1978,c) 2,(S),(S),(S),(S),(S),(S),(S),(S),(S),0,(S),.,(S),(S),(S),(S),(S),(S),0,.,(S),(S),(S),(S)
1979,c) 2,306628,319399,2357085,2373507,15412,4.519,58746,17.224,606572,94106,512466,3.965,25.556,638377,305544,332833,12.873,26.896,-31805,-1.340,51.112,45534,45865,233850
1980,c) 2,296826,307037,2170388,2305619,13734,4.107,68544,20.495,485166,77289,407877,3.352,21.043,755434,356069,399365,15.444,32.765,-270268,-11.722,42.086,53169,53499,271684
1981,c) 2,285894,293029,2049345,2103531,14622,4.6419999999999995,58560,18.590999999999998,508579,92280,416299,4.387,24.177,614520,277347,337173,13.185,29.214,-105941,-5.036,48.355,43833,44061,208064
1982,c) 2,264521,273729,1992847,2051407,15690,5.297999999999999,60523,20.437,506569,113540,393029,5.535,24.694,620926,282343,338583,13.763,30.268,-114357,-5.575,49.387,48534,48725,233647
1983,c) 2,250686,259843,1935009,2004838,12158,4.39,46346,16.735,436116,76926,359190,3.837,21.753,573994,253745,320249,12.657,28.630,-137878,-6.877,43.506,36769,37096,201503
1984,c) 2,259501,271379,2298203,2260984,10590,3.655,47349,16.340999999999998,598364,124217,474147,5.494,26.465,519595,241553,278042,10.684,22.981,78769,3.484,45.962,38092,38480,195983
1985,c) 2,276106,283446,2556912,2621322,12256,3.9960000000000004,58728,19.149,645372,92059,553313,3.512,24.620,767805,372653,395152,14.216,29.291,-122433,-4.671,49.240,48063,48251,267980
1986,c) 2,329365,341207,2796576,2840138,16272,4.461,63371,17.374000000000002,690201,137746,552455,4.850,24.302,777607,361049,416558,12.712,27.379,-87406,-3.078,48.603,50695,50928,289735
1987,c) 2,320055,337614,3016467,3124559,16992,4.699,65038,17.984,733317,144746,588571,4.633,23.469,945996,378119,567877,12.102,30.276,-212679,-6.807,46.939,53028,53290,310752
1988,c) 2,332092,347640,3228827,3273740,16637,4.465,66511,17.852,771562,168974,602588,5.161,23.568,863086,416398,446688,12.719,26.364,-91524,-2.796,47.136,53626,54145,342718
1989,c) 2,323353,338355,3349906,3362313,14572,4.02,62926,17.357,728348,137392,590956,4.086,21.662,753142,368996,384146,10.974,22.400,-24794,-0.737,43.324,51459,52082,308306
1990,c) 2,320761,335738,3015523,3084474,14795,4.0889999999999995,66917,18.496,695429,129989,565440,4.214,22.546,834183,399637,434546,12.956,27.045,-138754,-4.498,45.092,55346,55828,331260
1991,c) 2,313551,326554,2710248,2880515,14115,3.991,68404,19.34,572012,101132,470880,3.511,19.858,909894,424918,484976,14.751,31.588,-337882,-11.730,39.716,55556,55958,349839
1992,c) 2,306859,320629,2457800,2536433,14903,4.328,62355,18.108,578461,95730,482731,3.774,22.806,731576,355848,375728,14.029,28.843,-153115,-6.037,45.612,50175,50458,300270
1993,c) 2,291796,302426,2330308,2393934,12221,3.758,57790,17.77,535160,67855,467305,2.834,22.355,659396,320295,339101,13.379,27.544,-124236,-5.190,44.710,45422,47313,271884
1994,c) 2,289624,301317,2582500,2644035,11737,3.6239999999999997,56858,17.555,598313,112691,485622,4.262,22.629,717914,355411,362503,13.442,27.152,-119601,-4.523,45.258,46160,46644,287483
1995,c) 2,300513,311664,2590441,2606424,11832,3.532,58551,17.477,614768,92550,522218,3.551,23.587,643873,329779,314094,12.653,24.703,-29105,-1.117,47.173,48110,48322,280712
1996,c) 2,313267,325444,2700641,2744195,12809,3.665,60940,17.436,616203,90151,526052,3.285,22.455,703466,337724,365742,12.307,25.635,-87263,-3.180,44.910,49876,50093,285479
1997,c) 2,322628,344175,2923561,2952385,14751,3.9939999999999998,65018,17.605,674464,110330,564134,3.737,22.845,730925,375601,355324,12.722,24.757,-56461,-1.912,45.689,53565,53801,319604
1998,c) 2,323332,334236,2730925,2756571,11684,3.2539999999999996,61342,17.084,620798,71685,549113,2.601,22.521,669900,313717,356183,11.381,24.302,-49102,-1.781,45.041,48580,48810,256324
1999,c) 2,330562,344032,3006599,3025890,13872,3.764,62943,17.078,694010,115069,578941,3.803,22.936,729839,361255,368584,11.939,24.120,-35829,-1.184,45.871,49207,49782,288035
2000,c) 2,319192,325497,2935877,2899081,13241,3.795,60026,17.205,710465,100385,610080,3.463,24.507,635879,303022,332857,10.452,21.934,74586,2.573,43.868,47141,47266,246271
2001,c) 2,298353,306105,2648536,2684004,13038,3.966,58360,17.750999999999998,606271,89011,517260,3.316,22.588,675562,321955,353607,11.995,25.170,-69291,-2.582,45.177,45611,45763,250666
2002,c) 2,291754,302233,2488840,2591027,16146,4.974,60897,18.76,557969,114679,443290,4.426,21.535,762710,345009,417701,13.316,29.437,-204741,-7.902,43.069,46848,47327,277081
2003,c) 2,287392,295484,2266748,2289496,14047,4.437,56190,17.75,508393,64932,443461,2.836,22.205,550290,269131,281159,11.755,24.035,-41897,-1.830,44.411,43687,43920,219414
2004,c) 2,305210,312839,2877782,2921573,13391,4.0,57345,17.127,545294,64900,480394,2.221,18.664,631401,301253,330148,10.311,21.612,-86107,-2.947,37.329,44788,44984,247951
2005,c) 2,311672,316392,2490752,2550578,14222,4.1819999999999995,61671,18.132,550249,80482,469767,3.155,21.574,668008,322131,345877,12.630,26.190,-117759,-4.617,43.147,48622,48770,271566
2006,c) 2,327618,333812,2629254,2647791,18296,5.109,66915,18.685,593718,93455,500263,3.530,22.423,628523,316340,312183,11.947,23.738,-34805,-1.314,44.846,55035,55149,272462
2007,c) 2,341715,351553,2701476,2802818,15756,4.181,66411,17.621,543650,77096,466554,2.751,19.397,745221,335851,409370,11.983,26.588,-201571,-7.192,38.793,53950,54063,286733
2008,c) 2,361999,370072,2693778,2817980,12813,3.167,81735,20.205,525680,60092,465588,2.132,18.654,774771,364976,409795,12.952,27.494,-249091,-8.839,37.309,65121,65254,305213
2009,c) 2,309831,316670,2189302,2347686,14057,4.0169999999999995,80518,23.011999999999997,403325,59672,343653,2.542,17.180,717970,333021,384949,14.185,30.582,-314645,-13.402,34.359,62519,62882,276756
2010,c) 2,291608,298938,2045876,2112053,15540,4.795,65813,20.308,406925,71135,335790,3.368,19.267,537943,266467,271476,12.616,25.470,-131018,-6.203,38.534,50331,50568,213347
2011,c) 2,253516,261262,1933176,1949264,13918,4.971,51349,18.34,404561,67122,337439,3.443,20.755,436929,211012,225917,10.825,22.415,-32368,-1.661,41.509,39727,39943,172790
2012,c) 2,246821,256995,2116458,2106246,12820,4.689,45640,16.692999999999998,438436,60811,377625,2.887,20.816,417696,205864,211832,9.774,19.831,20740,0.985,39.663,35258,35406,164239
2013,c) 2,263700,269128,1998048,1994520,12222,4.255,48448,16.867,431857,52418,379439,2.628,21.652,422825,211087,211738,10.583,21.199,9032,0.453,42.399,37908,38050,173800
2014,c) 2,272728,279426,2202497,2187200,12759,4.277,50489,16.926,454636,56970,397666,2.605,20.786,422920,212038,210882,9.694,19.336,31716,1.450,38.672,39765,39993,174440
2015,c) 2,273641,279139,2106549,2098238,13257,4.4639999999999995,48980,16.492,438828,60389,378439,2.878,20.914,422380,213050,209330,10.154,20.130,16448,0.784,40.260,38845,38908,177333
2016,c) 2,282317,290648,2269215,2263878,14102,4.5760000000000005,49207,15.966,469395,71881,397514,3.175,20.734,456652,212289,244363,9.377,20.171,12743,0.563,40.342,39706,39824,178807
2017,c) 2,284818,291924,2276326,2260563,13169,4.243,50121,16.147000000000002,480670,63246,417424,2.798,21.263,447011,223072,223939,9.868,19.774,33659,1.489,39.549,41324,41453,191781
2018,c) 2,297733,303762,2253570,2256256,13051,4.04,51621,15.979000000000001,456053,50118,405935,2.221,20.213,458994,226677,232317,10.047,20.343,-2941,-0.130,40.426,44995,45357,203143
1978,d) 3,0,0,0,0,0,,0,,0,0,0,.,.,0,0,0,.,.,0,.,.,0,0,0
1979,d) 3,0,0,0,0,0,,0,,0,0,0,.,.,0,0,0,.,.,0,.,.,0,0,0
1980,d) 3,266094,279828,2161050,2251391,13047,4.388,48068,16.166,438487,76235,362252,3.386,19.476,620007,255223,364784,11.336,27.539,-181520,-8.063,38.953,36596,37042,189274
1981,d) 3,262875,274393,2073550,2113649,15725,5.446000000000001,44399,15.377,471151,116219,354932,5.499,22.291,549805,218594,331211,10.342,26.012,-78654,-3.721,44.582,32119,32414,155799
1982,d) 3,244954,253981,1918810,1962773,15341,5.67,48542,17.94,452068,109815,342253,5.595,23.032,538718,223864,314854,11.405,27.447,-86650,-4.415,46.064,37809,37974,180913
1983,d) 3,233837,243916,1851431,1912225,12639,4.937,36869,14.4,380294,60210,320084,3.149,19.888,501234,204948,296286,10.718,26.212,-120940,-6.325,39.775,28673,28931,163009
1984,d) 3,222398,231457,1997643,1948477,10128,4.1610000000000005,33989,13.965,487201,60306,426895,3.095,25.004,388703,180191,208512,9.248,19.949,98498,5.055,39.898,26997,27340,148030
1985,d) 3,228525,240278,2216850,2228050,11110,4.393,36398,14.390999999999998,480983,72684,408299,3.262,21.588,503504,221573,281931,9.945,22.598,-22521,-1.011,43.175,29012,29531,179000
1986,d) 3,240422,250611,2435514,2467548,12624,4.78,39643,15.009,506647,91986,414661,3.728,20.532,570771,247346,323425,10.024,23.131,-64124,-2.599,41.065,31534,31773,197662
1987,d) 3,286082,300342,2624114,2680443,14749,4.681,44164,14.017999999999999,593300,111208,482092,4.149,22.134,705323,282931,422392,10.555,26.314,-112023,-4.179,44.269,35482,35653,223939
1988,d) 3,283378,302481,2899552,2948043,14582,4.573,47389,14.860999999999999,607712,103015,504697,3.494,20.614,703413,306190,397223,10.386,23.860,-95701,-3.246,41.228,37654,38161,237230
1989,d) 3,292559,309101,3125598,3161092,13680,4.2,46903,14.4,626660,108269,518391,3.425,19.824,696390,314191,382199,9.939,22.030,-69730,-2.206,39.648,37538,38254,251515
1990,d) 3,284003,300229,3248891,3279968,13642,4.308,46546,14.698,583449,87680,495769,2.673,17.788,647734,281682,366052,8.588,19.748,-64285,-1.960,35.577,38091,38735,238554
1991,d) 3,275916,293199,2652938,2806355,13964,4.478,51240,16.432000000000002,489775,99257,390518,3.537,17.452,795376,353683,441693,12.603,28.342,-305601,-10.890,34.905,40360,40904,274061
1992,d) 3,272694,287699,2557270,2613448,13196,4.336,46476,15.270999999999999,537730,97604,440126,3.735,20.576,647640,294593,353047,11.272,24.781,-109910,-4.206,41.151,36935,37330,240065
1993,d) 3,272368,285749,2369545,2401345,12575,4.1610000000000005,45562,15.075,508220,66478,441742,2.768,21.164,571355,260675,310680,10.855,23.793,-63135,-2.629,42.328,35643,36274,211269
1994,d) 3,258729,270342,2248314,2297192,10693,3.739,41965,14.674000000000001,457925,61357,396568,2.671,19.934,556359,255459,300900,11.120,24.219,-98434,-4.285,39.868,33644,34158,215385
1995,d) 3,257395,270067,2513014,2532052,11049,3.877,40964,14.372,502204,77811,424393,3.073,19.834,538267,246714,291553,9.744,21.258,-36063,-1.424,39.668,32981,33503,208133
1996,d) 3,265377,279009,2466659,2506079,11860,4.026,43028,14.606,496820,76445,420375,3.050,19.825,573696,257630,316066,10.280,22.892,-76876,-3.068,39.649,35289,35459,217549
1997,d) 3,275367,289964,2628282,2667823,12634,4.1160000000000005,46602,15.182,574675,102952,471723,3.859,21.541,652514,301824,350690,11.313,24.459,-77839,-2.918,43.082,38026,38221,254152
1998,d) 3,286145,309244,2899242,2911284,12244,3.7539999999999996,46061,14.123,623684,102936,520748,3.536,21.423,643968,265494,378474,9.119,22.120,-20284,-0.697,42.846,35330,35583,198591
1999,d) 3,286965,298801,2669930,2692539,12554,3.978,46172,14.629000000000001,554582,90806,463776,3.373,20.597,598024,277932,320092,10.322,22.210,-43442,-1.613,41.194,35844,36359,216225
2000,d) 3,293329,307473,3028002,3012952,12380,3.81,47304,14.558,641975,90331,551644,2.998,21.307,610753,283130,327623,9.397,20.271,31222,1.036,40.542,36187,36754,219984
2001,d) 3,282517,290054,2855034,2889786,12822,4.181,46012,15.005,575111,94020,481091,3.254,19.902,645891,286263,359628,9.906,22.351,-70780,-2.449,39.803,35539,35688,222883
2002,d) 3,263188,274289,2409258,2525383,15250,5.27,45470,15.712,474105,113710,360395,4.503,18.774,707146,272924,434222,10.807,28.002,-233041,-9.228,37.547,34681,34924,217974
2003,d) 3,259138,270597,2397796,2443088,13458,4.708,44010,15.395,486188,75098,411090,3.074,19.901,574875,251804,323071,10.307,23.531,-88687,-3.630,39.801,33692,33976,196284
2004,d) 3,256732,265411,2233386,2249834,11585,4.133,41310,14.739,435482,53004,382478,2.356,19.356,465907,210837,255070,9.371,20.709,-30425,-1.352,38.712,31692,32156,174667
2005,d) 3,272341,280788,2740828,2793919,12591,4.248,43851,14.794,470160,80556,389604,2.883,16.828,576390,240467,335923,8.607,20.630,-106230,-3.802,33.656,33859,34086,200300
2006,d) 3,274566,281314,2442661,2449716,14852,4.981,48527,16.276,517506,98360,419146,4.015,21.125,529578,245731,283847,10.031,21.618,-12072,-0.493,42.250,39658,39740,208632
2007,d) 3,289163,297401,2460020,2530533,13917,4.4239999999999995,48267,15.344000000000001,464643,78915,385728,3.119,18.361,605618,271049,334569,10.711,23.932,-140975,-5.571,36.723,38894,39005,229000
2008,d) 3,294279,305126,2515537,2599197,9994,3.049,55231,16.852,440971,60923,380048,2.344,16.966,607664,270338,337326,10.401,23.379,-166693,-6.413,33.931,44233,44327,224381
2009,d) 3,311848,320569,2383849,2543108,13877,4.0089999999999995,64962,18.769000000000002,379858,64142,315716,2.522,14.937,697685,292180,405505,11.489,27.434,-317827,-12.498,29.874,49704,50062,240070
2010,d) 3,270580,278172,2043500,2116368,15390,5.188,52376,17.655,341347,65380,275967,3.089,16.129,486590,222754,263836,10.525,22.992,-145243,-6.863,32.258,39373,39706,183673
2011,d) 3,258563,266934,2003021,2017972,15004,5.314,45877,16.247,378102,65512,312590,3.246,18.737,407583,193101,214482,9.569,20.198,-29481,-1.461,37.473,35060,35255,156531
2012,d) 3,228284,236703,1919289,1913792,12177,4.909,34830,14.043,373630,55086,318544,2.878,19.523,362685,176283,186402,9.211,18.951,10945,0.572,37.902,27017,27131,140214
2013,d) 3,221419,232249,2097040,2102046,10840,4.4430000000000005,34270,14.047,371030,54352,316678,2.586,17.651,381170,169492,211678,8.063,18.133,-10140,-0.482,35.302,26458,26610,137044
2014,d) 3,236235,242399,1988590,1992297,10682,4.183,36608,14.335999999999999,361958,47715,314243,2.395,18.168,369390,172862,196528,8.677,18.541,-7432,-0.373,36.336,28735,28988,145013
2015,d) 3,245810,253439,2208435,2203431,11928,4.484,37043,13.925999999999998,410662,65895,344767,2.991,18.637,401187,196053,205134,8.898,18.207,9475,0.430,36.415,29106,29339,163675
2016,d) 3,246996,253688,2083909,2088708,11826,4.444,36697,13.789000000000001,378788,60066,318722,2.876,18.135,388226,180383,207843,8.636,18.587,-9438,-0.452,36.270,29793,29849,155549
2017,d) 3,253914,263206,2244044,2239940,11814,4.276,37948,13.735999999999999,429662,60677,368985,2.709,19.182,419111,195903,223208,8.746,18.711,10551,0.471,37.422,31079,31224,164501
2018,d) 3,256471,263908,2257686,2262818,11463,4.141,37254,13.459000000000001,395341,48878,346463,2.160,17.471,405033,178510,226523,7.889,17.899,-9692,-0.428,34.942,32200,32524,158762
1978,e) 4,0,0,0,0,0,,0,,0,0,0,.,.,0,0,0,.,.,0,.,.,0,0,0
1979,e) 4,0,0,0,0,0,,0,,0,0,0,.,.,0,0,0,.,.,0,.,.,0,0,0
1980,e) 4,0,0,0,0,0,,0,,0,0,0,.,.,0,0,0,.,.,0,.,.,0,0,0
1981,e) 4,239100,254114,2092967,2126882,12272,4.626,34584,13.037,428829,95605,333224,4.495,20.162,495583,171017,324566,8.041,23.301,-66754,-3.139,40.325,24102,24475,116620
1982,e) 4,232163,245474,1981629,2015481,15489,6.0120000000000005,39846,15.465,440662,122428,318234,6.074,21.864,507542,194005,313537,9.626,25.182,-66880,-3.318,43.728,29859,30153,150763
1983,e) 4,221242,230990,1779970,1827733,12433,5.18,30514,12.713,351393,64423,286970,3.525,19.226,447040,166864,280176,9.130,24.459,-95647,-5.233,38.451,23311,23530,132164
1984,e) 4,212023,221958,1906335,1868182,9989,4.3180000000000005,28691,12.404000000000002,423231,55781,367450,2.986,22.655,347377,150458,196919,8.054,18.594,75854,4.060,37.189,22372,22747,119931
1985,e) 4,199278,208389,1946103,1947673,9393,4.31,28522,13.085999999999999,407973,56982,350991,2.926,20.947,410134,177086,233048,9.092,21.058,-2161,-0.111,41.893,22267,22676,137631
1986,e) 4,204915,218131,2144408,2161832,9617,4.236000000000001,27453,12.091,419810,68902,350908,3.187,19.419,453273,172026,281247,7.957,20.967,-33463,-1.548,38.838,21282,21642,132483
1987,e) 4,211260,224242,2240244,2308900,11483,4.908,30890,13.204,500103,120108,379995,5.202,21.660,641099,203874,437225,8.830,27.766,-140996,-6.107,43.320,24585,24788,165342
1988,e) 4,260943,276810,2508451,2558514,12868,4.4719999999999995,34764,12.081,487178,86863,400315,3.395,19.041,585429,238020,347409,9.303,22.882,-98251,-3.840,38.083,27056,27424,176101
1989,e) 4,254085,275334,2830964,2845870,12657,4.4110000000000005,35881,12.504000000000001,536702,92166,444536,3.239,18.859,565128,233953,331175,8.221,19.858,-28426,-0.999,37.718,28153,28716,180177
1990,e) 4,262856,280627,3022459,3073191,12176,4.155,36945,12.609000000000002,517096,86882,430214,2.827,16.826,619371,244660,374711,7.961,20.154,-102275,-3.328,33.652,29678,30281,200249
1991,e) 4,250924,270035,2972528,3087454,12746,4.506,38385,13.571,459879,98566,361313,3.192,14.895,688564,281803,406761,9.127,22.302,-228685,-7.407,29.790,30266,30844,233300
1992,e) 4,245160,264148,2512125,2558654,12609,4.562,37094,13.421,489821,105302,384519,4.116,19.144,582087,241120,340967,9.424,22.750,-92266,-3.606,38.287,28672,29005,185711
1993,e) 4,246521,262115,2464591,2503903,10994,4.005,35793,13.039000000000001,464841,68280,396561,2.727,18.565,541711,223236,318475,8.916,21.635,-76870,-3.070,37.129,28173,28584,172702
1994,e) 4,246024,260330,2289196,2325431,11387,4.178999999999999,35687,13.097000000000001,453333,72414,380919,3.114,19.495,524465,225296,299169,9.688,22.553,-71132,-3.059,38.989,28067,28640,190203
1995,e) 4,234537,246586,2208607,2224040,9729,3.772,32469,12.587,422186,64582,357604,2.904,18.983,450803,195360,255443,8.784,20.270,-28617,-1.287,37.966,25910,26431,162676
1996,e) 4,231511,245312,2427992,2482499,9730,3.787,32931,12.818,416929,67165,349764,2.706,16.795,524720,218603,306117,8.806,21.137,-107791,-4.342,33.589,26401,26781,164840
1997,e) 4,237859,254563,2448413,2490364,11134,4.167,36399,13.623,483232,91441,391791,3.672,19.404,566598,249561,317037,10.021,22.752,-83366,-3.348,38.808,28468,28684,189776
1998,e) 4,248611,263425,2597926,2608690,9871,3.577,34931,12.658,531642,103004,428638,3.948,20.380,548188,215912,332276,8.277,21.014,-16546,-0.634,40.759,26649,26969,165833
1999,e) 4,258564,280226,2804075,2840716,11819,4.024,38754,13.195,523959,99797,424162,3.513,18.445,597149,271564,325585,9.560,21.021,-73190,-2.576,36.889,28082,28827,189427
2000,e) 4,258522,270724,2684942,2669639,10351,3.6460000000000004,36651,12.911,546000,95049,450951,3.560,20.452,512628,224565,288063,8.412,19.202,33372,1.250,38.404,27615,28265,170451
2001,e) 4,265112,279598,2886927,2948239,12273,4.191,38692,13.214,521568,91768,429800,3.113,17.691,645730,263000,382730,8.921,21.902,-124162,-4.211,35.382,29048,29567,194343
2002,e) 4,253794,265986,2636643,2733057,16107,5.806,39013,14.062000000000001,502185,135339,366846,4.952,18.374,694106,269383,424723,9.856,25.397,-191921,-7.022,36.749,29335,29495,200474
2003,e) 4,237976,249776,2373862,2390080,11871,4.538,35506,13.573,465631,69398,396233,2.904,19.482,497943,203026,294917,8.495,20.834,-32312,-1.352,38.964,27011,27231,160074
2004,e) 4,234921,246455,2339671,2365582,10959,4.246,34285,13.283,410092,57939,352153,2.449,17.336,461580,196025,265555,8.287,19.512,-51488,-2.177,34.672,25870,26220,155805
2005,e) 4,232781,242023,2173293,2199041,11244,4.437,34063,13.440999999999999,397051,61390,335661,2.792,18.056,448118,175984,272134,8.003,20.378,-51067,-2.322,36.111,25900,26205,142431
2006,e) 4,245230,256408,2712553,2724220,14094,5.255,37650,14.039000000000001,474495,90510,383985,3.322,17.418,498282,213169,285113,7.825,18.291,-23787,-0.873,34.835,30109,30325,177331
2007,e) 4,247257,256645,2331027,2386834,12268,4.5680000000000005,36104,13.443,405226,69702,335524,2.920,16.978,515614,203359,312255,8.520,21.602,-110388,-4.625,33.955,28777,28864,169890
2008,e) 4,253916,263268,2315672,2379838,9514,3.3989999999999996,42747,15.273,385585,54949,330636,2.309,16.202,514004,215689,298315,9.063,21.598,-128419,-5.396,32.404,33869,34049,180465
2009,e) 4,257742,268855,2238563,2378992,10401,3.616,47914,16.659000000000002,322181,51641,270540,2.171,13.543,601836,236947,364889,9.960,25.298,-279655,-11.755,27.086,36318,36791,195956
2010,e) 4,278276,287810,2217510,2296536,15176,4.996,47071,15.495999999999999,346690,67688,279002,2.947,15.096,504979,212440,292539,9.250,21.989,-158289,-6.893,30.192,34633,35117,170890
2011,e) 4,243791,252381,1988669,2012930,14531,5.4879999999999995,39365,14.866,336033,63714,272319,3.165,16.694,382676,168120,214556,8.352,19.011,-46643,-2.317,33.387,29575,29857,135617
2012,e) 4,236572,245937,2001651,1985021,13276,5.193,32717,12.797,384009,67378,316631,3.394,19.345,352370,164159,188211,8.270,17.751,31639,1.594,35.503,24759,24875,130909
2013,e) 4,208226,217492,1898098,1908924,9989,4.407,28343,12.504000000000001,308474,43601,264873,2.284,16.160,328890,147801,181089,7.743,17.229,-20416,-1.070,32.319,21687,21828,121035
2014,e) 4,201694,213403,2099751,2092948,9710,4.3660000000000005,27664,12.44,359620,55009,304611,2.628,17.182,344752,149168,195584,7.127,16.472,14868,0.710,32.944,21370,21672,115059
2015,e) 4,215928,222720,1976935,1978214,9834,4.235,28821,12.411,341005,52246,288759,2.641,17.238,343870,152364,191506,7.702,17.383,-2865,-0.145,34.476,22611,22885,129305
2016,e) 4,225328,234428,2218764,2207617,11111,4.56,29582,12.140999999999998,388094,74239,313855,3.363,17.580,365954,156777,209177,7.102,16.577,22140,1.003,33.154,23576,23722,131767
2017,e) 4,225070,232391,2033783,2050523,9796,4.04,30010,12.375,339746,50773,288973,2.476,16.569,371861,177840,194021,8.673,18.135,-32115,-1.566,33.137,24438,24516,143313
2018,e) 4,230727,240093,2221176,2229531,9398,3.753,30013,11.985999999999999,357023,46917,310106,2.104,16.013,373094,162743,210351,7.299,16.734,-16071,-0.721,32.027,25763,26059,142106
1978,f) 5,0,0,0,0,0,,0,,0,0,0,.,.,0,0,0,.,.,0,.,.,0,0,0
1979,f) 5,0,0,0,0,0,,0,,0,0,0,.,.,0,0,0,.,.,0,.,.,0,0,0
1980,f) 5,0,0,0,0,0,,0,,0,0,0,.,.,0,0,0,.,.,0,.,.,0,0,0
1981,f) 5,0,0,0,0,0,,0,,0,0,0,.,.,0,0,0,.,.,0,.,.,0,0,0
1982,f) 5,213755,229992,2014298,2056150,12857,5.348,33650,13.998,409046,111003,298043,5.399,19.894,491424,176546,314878,8.586,23.900,-82378,-4.006,39.788,24201,24567,124333
1983,f) 5,212302,227049,1866072,1913317,12254,5.231,26661,11.380999999999998,349537,74833,274704,3.911,18.269,444494,152068,292426,7.948,23.232,-94957,-4.963,36.537,19591,19958,113117
1984,f) 5,202975,212677,1819870,1788223,10233,4.647,25252,11.468,387618,50510,337108,2.825,21.676,323972,129088,194884,7.219,18.117,63646,3.559,36.234,19273,19567,100938
1985,f) 5,192039,202028,1869233,1869432,9268,4.41,25537,12.151,375872,53467,322405,2.860,20.106,375865,156056,219809,8.348,20.106,7,0.000,40.212,19839,20237,122375
1986,f) 5,180386,190770,1883041,1903620,8692,4.39,23183,11.708,360428,61735,298693,3.243,18.934,400409,147728,252681,7.760,21.034,-39981,-2.100,37.868,17631,18051,115323
1987,f) 5,183868,197889,2073666,2111395,9003,4.388,23578,11.492,408742,89171,319571,4.223,19.359,483427,169584,313843,8.032,22.896,-74685,-3.537,38.718,18056,18368,124392
1988,f) 5,193377,207753,2167376,2197828,9944,4.615,25387,11.782,406451,80020,326431,3.641,18.493,468715,181371,287344,8.252,21.326,-62264,-2.833,36.987,19523,19849,132270
1989,f) 5,239021,254222,2461665,2471061,10323,3.92,28599,10.859000000000002,458655,75473,383182,3.054,18.561,477210,196957,280253,7.971,19.312,-18555,-0.751,37.122,21678,22701,141670
1990,f) 5,231209,253411,2760190,2782970,10933,4.16,29698,11.300999999999998,466730,83315,383415,2.994,16.771,512892,193179,319713,6.941,18.430,-46162,-1.659,33.542,23335,23938,154213
1991,f) 5,235927,255395,2785443,2883453,11421,4.292,32795,12.325,429996,95604,334392,3.316,14.913,627573,227884,399689,7.903,21.765,-197577,-6.852,29.825,24941,25953,179494
1992,f) 5,226588,246789,2849984,2889524,10797,4.206,30587,11.915999999999999,490002,85935,404067,2.974,16.958,567239,206121,361118,7.133,19.631,-77237,-2.673,33.916,22951,23400,160609
1993,f) 5,223914,242192,2437221,2468381,10087,3.9930000000000003,30965,12.257,433490,74983,358507,3.038,17.562,494839,202776,292063,8.215,20.047,-61349,-2.485,35.123,23207,23732,147676
1994,f) 5,224877,241568,2367703,2398706,10826,4.3069999999999995,30380,12.087,441179,89173,352006,3.718,18.392,503171,205689,297482,8.575,20.977,-61992,-2.584,36.785,23413,23951,156352
1995,f) 5,225557,239964,2278377,2278825,10118,4.056,29053,11.648,426066,69920,356146,3.068,18.697,425962,172895,253067,7.587,18.692,104,0.005,37.384,22533,23114,141347
1996,f) 5,213570,226923,2140184,2168906,9107,3.8569999999999998,27519,11.654000000000002,374678,68244,306434,3.146,17.275,432546,175225,257321,8.079,19.943,-57868,-2.668,34.550,21741,22149,145712
1997,f) 5,210259,225167,2398804,2415403,9160,3.9,28580,12.168,440591,90710,349881,3.755,18.241,471941,198775,273166,8.229,19.539,-31350,-1.298,36.482,22412,22875,160284
1998,f) 5,217113,234409,2409983,2423651,8993,3.685,28309,11.599,447857,85458,362399,3.526,18.479,471778,183609,288169,7.576,19.466,-23921,-0.987,36.957,21167,21703,139672
1999,f) 5,227497,243669,2586502,2601342,10802,4.27,29426,11.632,490076,100211,389865,3.852,18.839,517473,200342,317131,7.701,19.893,-27397,-1.053,37.679,22075,22751,150262
2000,f) 5,235317,257250,2773591,2765506,10635,3.972,31586,11.798,527933,84403,443530,3.052,19.090,512545,211150,301395,7.635,18.533,15388,0.556,37.067,22742,23259,141609
2001,f) 5,236146,249149,2648194,2667111,10463,4.031000000000001,31343,12.074000000000002,480885,79470,401415,2.980,18.030,516157,204371,311786,7.663,19.353,-35272,-1.322,36.060,23555,23973,153302
2002,f) 5,240249,257349,2681157,2781447,13508,5.041,34734,12.962,477851,120269,357582,4.324,17.180,678311,248845,429466,8.947,24.387,-200460,-7.207,34.360,25282,25598,184852
2003,f) 5,231696,245333,2487156,2560856,11381,4.457,31432,12.309000000000001,433471,75138,358333,2.934,16.927,577688,225633,352055,8.811,22.558,-144217,-5.632,33.854,23861,24052,157143
2004,f) 5,217016,228884,2313220,2342995,9701,4.059,29899,12.511,400605,59674,340931,2.547,17.098,461019,192874,268145,8.232,19.676,-60414,-2.578,34.196,22231,22598,142383
2005,f) 5,214915,227019,2277636,2308584,10323,4.365,29279,12.38,384704,72221,312483,3.128,16.664,447118,172943,274175,7.491,19.368,-62414,-2.704,33.328,21981,22345,131900
2006,f) 5,211266,221937,2174009,2164911,11296,4.876,30734,13.267000000000001,398692,75188,323504,3.473,18.416,381315,162691,218624,7.515,17.613,17377,0.803,35.227,24392,24677,135711
2007,f) 5,224234,236789,2576486,2633128,10891,4.428999999999999,29168,11.86,386571,71770,314801,2.726,14.681,498900,188024,310876,7.141,18.947,-112329,-4.266,29.362,22307,22594,143402
2008,f) 5,220985,231560,2177121,2250128,8671,3.556,33285,13.649000000000001,339982,57682,282300,2.563,15.109,486611,202402,284209,8.995,21.626,-146629,-6.516,30.219,25729,25846,160118
2009,f) 5,224579,234563,2056996,2188843,9185,3.685,38573,15.475,273274,45113,228161,2.061,12.485,536291,194507,341784,8.886,24.501,-263017,-12.016,24.970,28778,29107,159223
2010,f) 5,232031,243704,2092883,2165631,11563,4.5169999999999995,36155,14.123,304117,55380,248737,2.557,14.043,451336,178842,272494,8.258,20.841,-147219,-6.798,28.086,26490,26887,140986
2011,f) 5,253085,263459,2160174,2183483,14125,5.132999999999999,37573,13.654000000000002,343758,60445,283313,2.768,15.744,389387,163577,225810,7.492,17.833,-45629,-2.090,31.487,27721,27977,129138
2012,f) 5,225233,234451,1984756,1980009,12613,5.193,29488,12.140999999999998,343536,52881,290655,2.671,17.350,334453,146034,188419,7.375,16.891,9083,0.459,33.783,21921,22130,119626
2013,f) 5,218313,228384,1974693,1975454,10864,4.5889999999999995,27560,11.642000000000001,330750,57020,273730,2.886,16.743,333525,138550,194975,7.014,16.883,-2775,-0.140,33.486,20736,20855,109034
2014,f) 5,191619,202097,1905307,1900077,9219,4.401,23956,11.437000000000001,307946,48446,259500,2.550,16.207,295936,122074,173862,6.425,15.575,12010,0.632,31.150,18315,18560,97515
2015,f) 5,186071,198836,2121276,2118148,8941,4.343999999999999,22923,11.137,337133,58796,278337,2.776,15.916,330742,137250,193492,6.480,15.615,6391,0.302,31.229,17555,17821,106730
2016,f) 5,199355,207351,1974810,1977675,9195,4.28,24158,11.245,320725,61176,259549,3.093,16.217,325716,129105,196611,6.528,16.470,-4991,-0.252,32.435,19249,19467,110410
2017,f) 5,206667,216748,2192801,2193731,9392,4.171,26192,11.633,384525,55681,328844,2.538,17.528,388790,174162,214628,7.939,17.723,-4265,-0.194,35.057,20830,21161,141393
2018,f) 5,206689,214116,2035176,2032576,8384,3.7680000000000002,25183,11.317,336722,57707,279015,2.839,16.566,329381,139137,190244,6.845,16.205,7341,0.361,32.410,21506,21794,119883
1978,g) 6 to 10,0,0,0,0,0,,0,,0,0,0,.,.,0,0,0,.,.,0,.,.,0,0,0
1979,g) 6 to 10,0,0,0,0,0,,0,,0,0,0,.,.,0,0,0,.,.,0,.,.,0,0,0
1980,g) 6 to 10,0,0,0,0,0,,0,,0,0,0,.,.,0,0,0,.,.,0,.,.,0,0,0
1981,g) 6 to 10,0,0,0,0,0,,0,,0,0,0,.,.,0,0,0,.,.,0,.,.,0,0,0
1982,g) 6 to 10,0,0,0,0,0,,0,,0,0,0,.,.,0,0,0,.,.,0,.,.,0,0,0
1983,g) 6 to 10,197676,214574,1899072,1940988,11033,5.001,23088,10.466,336185,65162,271023,3.357,17.320,420940,139577,281363,7.191,21.687,-84755,-4.367,34.641,16554,16895,104289
1984,g) 6 to 10,381989,413966,3891526,3816051,20098,4.728,42358,9.964,789706,128106,661600,3.357,20.694,637664,233392,404272,6.116,16.710,152042,3.984,33.420,31238,31943,170642
1985,g) 6 to 10,536693,579827,5688780,5677424,27502,4.593999999999999,65058,10.868,1082796,172812,909984,3.044,19.072,1058715,415800,642915,7.324,18.648,24081,0.424,37.296,48375,49565,317451
1986,g) 6 to 10,671098,730689,7379901,7434958,35447,4.718999999999999,76268,10.154,1355631,270179,1085452,3.634,18.233,1465940,478350,987590,6.434,19.717,-110309,-1.484,36.466,55702,56995,344359
1987,g) 6 to 10,780166,853076,9038568,9105594,39748,4.524,90752,10.329,1644782,308929,1335853,3.393,18.063,1776975,630574,1146401,6.925,19.515,-132193,-1.452,36.127,64667,66242,433946
1988,g) 6 to 10,765677,837837,9110562,9190032,37529,4.361000000000001,82986,9.642999999999999,1577125,321399,1255726,3.497,17.161,1735583,575108,1160475,6.258,18.885,-158458,-1.724,34.323,60813,62435,405767
1989,g) 6 to 10,756420,829051,9438254,9432061,34576,4.059,79994,9.392000000000001,1594222,288150,1306072,3.055,16.902,1581049,567521,1013528,6.017,16.762,13173,0.140,33.525,59767,61810,409180
1990,g) 6 to 10,798771,874241,10003881,10068241,34369,3.8289999999999997,80986,9.023,1565204,285152,1280052,2.832,15.546,1693418,559399,1134019,5.556,16.819,-128214,-1.273,31.092,61148,63179,407350
1991,g) 6 to 10,829264,923141,10335309,10695038,40685,4.291,90540,9.55,1501293,385970,1115323,3.609,14.037,2219041,716018,1503023,6.695,20.748,-717748,-6.711,28.075,66703,68970,517602
1992,g) 6 to 10,872066,971506,11101772,11224907,38061,3.8089999999999997,93524,9.36,1720110,325165,1394945,2.897,15.324,1965630,649126,1316504,5.783,17.511,-245520,-2.187,30.648,65916,68022,446332
1993,g) 6 to 10,907028,1007964,11861660,11941782,38534,3.716,96427,9.299,1820182,305700,1514482,2.560,15.242,1981651,688704,1292947,5.767,16.594,-161469,-1.352,30.484,69806,71858,466452
1994,g) 6 to 10,932053,1036029,12345351,12418131,40149,3.766,100390,9.416,1883640,343524,1540116,2.766,15.168,2025503,751418,1274085,6.051,16.311,-141863,-1.142,30.337,73325,76013,547108
1995,g) 6 to 10,921445,1028162,12611260,12580754,41663,3.943,98433,9.316,2010357,409441,1600916,3.255,15.980,1948513,725260,1223253,5.765,15.488,61844,0.492,30.976,72732,75667,523029
1996,g) 6 to 10,913701,1014222,12066365,12191266,39038,3.734,101573,9.715,1813840,371559,1442281,3.048,14.878,2062382,721226,1341156,5.916,16.917,-248542,-2.039,29.756,74947,77763,531352
1997,g) 6 to 10,892103,985337,11583965,11647723,39428,3.875,103963,10.216000000000001,1957113,402728,1554385,3.458,16.803,2085968,778935,1307033,6.687,17.909,-128855,-1.106,33.605,76095,78737,556935
1998,g) 6 to 10,881196,965185,11333297,11357432,33549,3.3689999999999998,94880,9.527999999999999,1870756,316199,1554557,2.784,16.472,1917771,677572,1240199,5.966,16.886,-47015,-0.414,32.943,67763,70060,468809
1999,g) 6 to 10,875821,960356,11208697,11263968,35865,3.6210000000000004,95873,9.681000000000001,1808773,351576,1457197,3.121,16.058,1916581,721101,1195480,6.402,17.015,-107808,-0.957,32.116,68941,71720,506700
2000,g) 6 to 10,877328,960278,11589621,11564125,33232,3.35,96654,9.743,1930698,358982,1571716,3.104,16.696,1874854,691567,1183287,5.980,16.213,55844,0.483,32.425,68746,71439,480003
2001,g) 6 to 10,889654,978862,11773426,11966243,38562,3.8160000000000003,101767,10.071,1820954,356420,1464534,2.979,15.217,2209706,797569,1412137,6.665,18.466,-388752,-3.249,30.435,70108,73360,526717
2002,g) 6 to 10,905464,1002509,11645041,12040551,53208,5.155,112571,10.905999999999999,1917893,548485,1369408,4.555,15.929,2700677,909954,1790723,7.557,22.430,-782784,-6.501,31.857,75563,77754,582752
2003,g) 6 to 10,928833,1028878,11928045,12024555,44505,4.194,109222,10.292,2012575,359846,1652729,2.993,16.737,2203652,755049,1448603,6.279,18.326,-191077,-1.589,33.474,77550,79112,514784
2004,g) 6 to 10,939764,1030789,11939360,12070487,41380,3.89,107544,10.109,1826959,305939,1521020,2.535,15.136,2088705,765497,1323208,6.342,17.304,-261746,-2.168,30.272,76938,79824,532979
2005,g) 6 to 10,928737,1016577,11691003,11848721,43793,4.177,107547,10.258,1782731,360211,1422520,3.040,15.046,2097259,723717,1373542,6.108,17.700,-314528,-2.655,30.092,78249,79979,519395
2006,g) 6 to 10,904728,987992,11634204,11633391,49789,4.882,113639,11.142000000000001,1893123,420372,1472751,3.613,16.273,1891284,724073,1167211,6.224,16.257,1839,0.016,32.515,86822,88381,560751
2007,g) 6 to 10,885498,965974,11193223,11340747,42860,4.305,102099,10.255,1666525,324218,1342307,2.859,14.695,1959440,675730,1283710,5.958,17.278,-292915,-2.583,29.390,73635,75338,475810
2008,g) 6 to 10,865123,942029,10973745,11171505,34048,3.4789999999999996,107271,10.960999999999999,1537319,266284,1271035,2.384,13.761,1933463,659363,1274100,5.902,17.307,-396144,-3.546,27.522,78704,80173,490374
2009,g) 6 to 10,844386,915626,9921745,10451459,32547,3.397,117255,12.24,1144299,216509,927790,2.072,10.949,2209360,700507,1508853,6.702,21.139,-1065061,-10.191,21.897,83371,85154,525213
2010,g) 6 to 10,852094,918775,9555574,9816910,40105,4.209,108137,11.349,1213379,247930,965449,2.526,12.360,1735640,549887,1185753,5.601,17.680,-522261,-5.320,24.720,75482,77440,414234
2011,g) 6 to 10,872879,936617,9537849,9627688,42886,4.428999999999999,106410,10.988,1341593,234887,1106706,2.440,13.935,1517509,556709,960800,5.782,15.762,-175916,-1.827,27.869,76031,77542,405934
2012,g) 6 to 10,925329,986788,9963338,9958092,45638,4.496,102198,10.068,1464140,226914,1237226,2.279,14.703,1451329,583476,867853,5.859,14.574,12811,0.129,29.149,71315,72981,438640
2013,g) 6 to 10,934929,993363,9790304,9822707,44740,4.38,101103,9.897,1385925,237657,1148268,2.419,14.109,1449268,534017,915251,5.437,14.754,-63343,-0.645,28.219,72850,73772,407619
2014,g) 6 to 10,941934,1001229,9980137,9961260,42731,4.152,98721,9.592,1430123,238422,1191701,2.393,14.357,1392054,520285,871769,5.223,13.975,38069,0.382,27.949,72761,73919,403955
2015,g) 6 to 10,917088,977191,10020308,10006503,41141,4.098,94744,9.437000000000001,1417716,244741,1172975,2.446,14.168,1387681,526607,861074,5.263,13.868,30035,0.300,27.736,70789,72161,426229
2016,g) 6 to 10,880696,945235,10066548,10067518,40561,4.1819999999999995,89805,9.26,1434326,268175,1166151,2.664,14.247,1435032,517943,917089,5.145,14.254,-706,-0.007,28.494,68302,69529,412782
2017,g) 6 to 10,834383,897216,9750189,9801734,33811,3.659,87693,9.488999999999999,1368666,220628,1148038,2.251,13.964,1468134,549676,918458,5.608,14.978,-99468,-1.015,27.927,67599,69027,427299
2018,g) 6 to 10,821279,880312,10021672,10022076,31468,3.465,87299,9.612,1415205,215463,1199742,2.150,14.121,1415063,512930,902133,5.118,14.119,142,0.001,28.239,70508,72140,420721
1978,h) 11 to 15,0,0,0,0,0,,0,,0,0,0,.,.,0,0,0,.,.,0,.,.,0,0,0
1979,h) 11 to 15,0,0,0,0,0,,0,,0,0,0,.,.,0,0,0,.,.,0,.,.,0,0,0
1980,h) 11 to 15,0,0,0,0,0,,0,,0,0,0,.,.,0,0,0,.,.,0,.,.,0,0,0
1981,h) 11 to 15,0,0,0,0,0,,0,,0,0,0,.,.,0,0,0,.,.,0,.,.,0,0,0
1982,h) 11 to 15,0,0,0,0,0,,0,,0,0,0,.,.,0,0,0,.,.,0,.,.,0,0,0
1983,h) 11 to 15,0,0,0,0,0,,0,,0,0,0,.,.,0,0,0,.,.,0,.,.,0,0,0
1984,h) 11 to 15,0,0,0,0,0,,0,,0,0,0,.,.,0,0,0,.,.,0,.,.,0,0,0
1985,h) 11 to 15,0,0,0,0,0,,0,,0,0,0,.,.,0,0,0,.,.,0,.,.,0,0,0
1986,h) 11 to 15,0,0,0,0,0,,0,,0,0,0,.,.,0,0,0,.,.,0,.,.,0,0,0
1987,h) 11 to 15,0,0,0,0,0,,0,,0,0,0,.,.,0,0,0,.,.,0,.,.,0,0,0
1988,h) 11 to 15,137733,160332,1941487,1944366,7328,4.477,14016,8.562999999999999,341624,91817,249807,4.722,17.570,348294,106689,241605,5.487,17.913,-6670,-0.343,35.140,9341,9853,61752
1989,h) 11 to 15,265285,307529,3784262,3776994,12565,4.002,25432,8.1,613938,123374,490564,3.266,16.255,598507,194486,404021,5.149,15.846,15431,0.409,31.692,17796,18633,126242
1990,h) 11 to 15,379445,438022,5504534,5511595,16085,3.595,34895,7.7989999999999995,849585,163830,685755,2.972,15.415,866190,264114,602076,4.792,15.716,-16605,-0.301,30.829,24814,25949,167377
1991,h) 11 to 15,475076,554797,6703816,6928517,23841,4.207,47601,8.4,914011,245461,668550,3.543,13.192,1361950,414527,947423,5.983,19.657,-447939,-6.465,26.384,32903,34435,285399
1992,h) 11 to 15,562363,657118,8109786,8234588,22745,3.38,54443,8.09,1166026,218957,947069,2.659,14.160,1410779,437388,973391,5.312,17.132,-244753,-2.972,28.320,34290,35905,281785
1993,h) 11 to 15,553293,642855,8167847,8195082,20242,3.076,50732,7.709,1150143,206295,943848,2.517,14.035,1206793,366047,840746,4.467,14.726,-56650,-0.691,28.069,33817,35424,221525
1994,h) 11 to 15,549296,634756,8275767,8322727,20151,3.1010000000000004,50301,7.7410000000000005,1136657,214577,922080,2.578,13.657,1232267,423891,808376,5.093,14.806,-95610,-1.149,27.315,34044,35616,268808
1995,h) 11 to 15,587165,676964,8804669,8782877,22224,3.219,48979,7.095,1240528,245014,995514,2.790,14.124,1197164,385140,812024,4.385,13.631,43364,0.494,27.261,34463,36216,255707
1996,h) 11 to 15,611500,712078,9525135,9587680,22561,3.1010000000000004,53287,7.325,1280643,269303,1011340,2.809,13.357,1404134,439225,964909,4.581,14.645,-123491,-1.288,26.714,37175,39190,285834
1997,h) 11 to 15,644856,754829,10644344,10635707,26078,3.375,61833,8.002,1641262,374305,1266957,3.519,15.432,1627189,542839,1084350,5.104,15.299,14073,0.132,30.599,40174,42627,313611
1998,h) 11 to 15,671600,791716,11993463,11933843,25891,3.2030000000000003,58963,7.295,1785857,424847,1361010,3.560,14.965,1660801,527979,1132822,4.424,13.917,125056,1.048,27.833,38240,40213,296977
1999,h) 11 to 15,688159,811802,12486720,12526886,27738,3.344,63134,7.611000000000001,1755387,380149,1375238,3.035,14.013,1831925,614469,1217456,4.905,14.624,-76538,-0.611,28.026,40446,42728,315547
2000,h) 11 to 15,670577,792629,12602953,12560527,27517,3.3930000000000002,64336,7.933,1847649,408085,1439564,3.249,14.710,1758583,606509,1152074,4.829,14.001,89066,0.709,28.002,40581,43151,309282
2001,h) 11 to 15,666603,779125,12020854,12177874,27153,3.404,64078,8.033999999999999,1563277,359438,1203839,2.952,12.837,1879133,616208,1262925,5.060,15.431,-315856,-2.594,25.674,41030,43427,339037
2002,h) 11 to 15,648672,753269,10739038,11099441,32158,4.162,70952,9.183,1496958,355976,1140982,3.207,13.487,2223719,764786,1458933,6.890,20.035,-726761,-6.548,26.974,43522,45983,443184
2003,h) 11 to 15,639227,729657,10051902,10109713,25714,3.4389999999999996,62048,8.297,1489858,276029,1213829,2.730,14.737,1605473,508245,1097228,5.027,15.881,-115615,-1.144,29.474,40386,41884,299811
2004,h) 11 to 15,636824,729547,9926281,10005409,24380,3.261,60351,8.073,1360707,236420,1124287,2.363,13.600,1523482,487573,1035909,4.873,15.227,-162775,-1.627,27.199,39612,40834,272743
2005,h) 11 to 15,639363,734877,9850792,9956454,26022,3.4619999999999997,59678,7.939,1366289,285834,1080455,2.871,13.723,1568978,440896,1128082,4.428,15.758,-202689,-2.036,27.445,41828,43214,283073
2006,h) 11 to 15,640614,747844,10261570,10288513,31318,4.085,68786,8.972999999999999,1461073,310007,1151066,3.013,14.201,1510647,505247,1005400,4.911,14.683,-49574,-0.482,28.402,49992,51314,329713
2007,h) 11 to 15,651323,763934,10536943,10643554,32592,4.168,68631,8.777000000000001,1462110,326319,1135791,3.066,13.737,1670133,509826,1160307,4.790,15.691,-208023,-1.954,27.474,43571,44962,289518
2008,h) 11 to 15,661201,774613,10664140,10833662,25417,3.1860000000000004,71956,9.017999999999999,1387874,276610,1111264,2.553,12.811,1728264,524196,1204068,4.839,15.953,-340390,-3.142,25.622,46757,48636,312639
2009,h) 11 to 15,658487,765153,10087210,10541254,24464,3.096,74466,9.424,1064060,236799,827261,2.246,10.094,1969286,502732,1466554,4.769,18.682,-905226,-8.587,20.188,49717,51422,339549
2010,h) 11 to 15,645857,748390,9611672,9849384,28205,3.6689999999999996,69046,8.981,1080260,235702,844558,2.393,10.968,1555190,438993,1116197,4.457,15.790,-474930,-4.822,21.936,44393,45792,266243
2011,h) 11 to 15,630959,727178,9515933,9562020,29267,3.927,65423,8.779,1172227,207963,964264,2.175,12.259,1262340,397161,865179,4.154,13.202,-90113,-0.942,24.518,42817,44195,250911
2012,h) 11 to 15,622832,709294,9296732,9292750,27795,3.8339999999999996,59130,8.156,1160476,183262,977214,1.972,12.488,1149009,377026,771983,4.057,12.365,11467,0.123,24.729,37657,39003,234749
2013,h) 11 to 15,620922,703295,9308184,9331146,25683,3.573,56813,7.903,1158502,201817,956685,2.163,12.415,1208183,409384,798799,4.387,12.948,-49681,-0.532,24.831,37929,38928,261587
2014,h) 11 to 15,621983,701784,9165401,9180208,26433,3.694,54135,7.565,1104758,194237,910521,2.116,12.034,1132556,354974,777582,3.867,12.337,-27798,-0.303,24.068,37691,38774,257710
2015,h) 11 to 15,636870,716002,9344556,9308500,26835,3.676,54724,7.497000000000001,1137342,203799,933543,2.189,12.218,1064925,350377,714548,3.764,11.440,72417,0.778,22.881,38923,39980,253490
2016,h) 11 to 15,660642,737544,9444652,9474424,26396,3.509,55993,7.442,1137103,198584,938519,2.096,12.002,1194462,382713,811749,4.039,12.607,-57359,-0.605,24.004,40943,41960,292064
2017,h) 11 to 15,699198,777262,9799118,9845266,27165,3.417,62669,7.882999999999999,1264527,233759,1030768,2.374,12.844,1356405,449091,907314,4.561,13.777,-91878,-0.933,25.688,45371,46858,323876
2018,h) 11 to 15,706016,776482,9592124,9612736,23313,2.931,61187,7.692,1154070,177151,976919,1.843,12.006,1194716,400673,794043,4.168,12.428,-40646,-0.423,24.011,49182,50863,309373
1978,i) 16 to 20,0,0,0,0,0,,0,,0,0,0,.,.,0,0,0,.,.,0,.,.,0,0,0
1979,i) 16 to 20,0,0,0,0,0,,0,,0,0,0,.,.,0,0,0,.,.,0,.,.,0,0,0
1980,i) 16 to 20,0,0,0,0,0,,0,,0,0,0,.,.,0,0,0,.,.,0,.,.,0,0,0
1981,i) 16 to 20,0,0,0,0,0,,0,,0,0,0,.,.,0,0,0,.,.,0,.,.,0,0,0
1982,i) 16 to 20,0,0,0,0,0,,0,,0,0,0,.,.,0,0,0,.,.,0,.,.,0,0,0
1983,i) 16 to 20,0,0,0,0,0,,0,,0,0,0,.,.,0,0,0,.,.,0,.,.,0,0,0
1984,i) 16 to 20,0,0,0,0,0,,0,,0,0,0,.,.,0,0,0,.,.,0,.,.,0,0,0
1985,i) 16 to 20,0,0,0,0,0,,0,,0,0,0,.,.,0,0,0,.,.,0,.,.,0,0,0
1986,i) 16 to 20,0,0,0,0,0,,0,,0,0,0,.,.,0,0,0,.,.,0,.,.,0,0,0
1987,i) 16 to 20,0,0,0,0,0,,0,,0,0,0,.,.,0,0,0,.,.,0,.,.,0,0,0
1988,i) 16 to 20,0,0,0,0,0,,0,,0,0,0,.,.,0,0,0,.,.,0,.,.,0,0,0
1989,i) 16 to 20,0,0,0,0,0,,0,,0,0,0,.,.,0,0,0,.,.,0,.,.,0,0,0
1990,i) 16 to 20,0,0,0,0,0,,0,,0,0,0,.,.,0,0,0,.,.,0,.,.,0,0,0
1991,i) 16 to 20,0,0,0,0,0,,0,,0,0,0,.,.,0,0,0,.,.,0,.,.,0,0,0
1992,i) 16 to 20,0,0,0,0,0,,0,,0,0,0,.,.,0,0,0,.,.,0,.,.,0,0,0
1993,i) 16 to 20,101491,125416,1707382,1716847,3892,3.033,9707,7.564,240508,44359,196149,2.584,14.009,258441,85831,172610,4.999,15.053,-17933,-1.045,28.017,5921,6410,48094
1994,i) 16 to 20,197822,244176,3390619,3386576,8134,3.2689999999999997,17476,7.023,472938,102506,370432,3.027,13.965,464593,135755,328838,4.009,13.719,8345,0.246,27.437,11420,12125,84612
1995,i) 16 to 20,284690,348652,5014402,4980607,11015,3.0989999999999998,24485,6.89,695520,154636,540884,3.105,13.965,627736,190725,437011,3.829,12.604,67784,1.361,25.207,16197,17238,110362
1996,i) 16 to 20,358678,438951,6311036,6326834,13252,2.9589999999999996,31112,6.946000000000001,822277,188077,634200,2.973,12.997,852989,256502,596487,4.054,13.482,-30712,-0.485,25.993,20815,22252,145952
1997,i) 16 to 20,427558,522783,7917341,7892613,16813,3.1439999999999997,40648,7.602,1156388,284538,871850,3.605,14.652,1106329,343787,762542,4.356,14.017,50059,0.634,28.035,24603,26537,201099
1998,i) 16 to 20,424255,516510,8109532,8081115,15290,2.9019999999999997,35996,6.832000000000001,1119117,232211,886906,2.874,13.849,1063270,308644,754626,3.819,13.157,55847,0.691,26.315,21981,23445,157018
1999,i) 16 to 20,419776,508723,8246188,8247168,15297,2.949,35122,6.772,1109244,267282,841962,3.241,13.450,1114598,327573,787025,3.972,13.515,-5354,-0.065,26.900,22345,24008,186042
2000,i) 16 to 20,450885,548661,8821307,8789978,16877,3.02,37145,6.647,1248705,305571,943134,3.476,14.206,1185845,412248,773597,4.690,13.491,62860,0.715,26.982,22662,24346,181859
2001,i) 16 to 20,472396,581219,9529454,9655950,19551,3.302,41244,6.966,1258038,324865,933173,3.364,13.029,1509049,518143,990906,5.366,15.628,-251011,-2.600,26.057,23483,25446,196330
2002,i) 16 to 20,499086,617740,10152028,10451469,23590,3.74,49750,7.8870000000000005,1345361,346612,998749,3.316,12.872,1937316,627728,1309588,6.006,18.536,-591955,-5.664,25.745,28037,30171,339367
2003,i) 16 to 20,516156,643444,11088732,11137050,21790,3.327,44806,6.841,1405375,260293,1145082,2.337,12.619,1499646,452851,1046795,4.066,13.465,-94271,-0.846,25.238,26088,27575,197370
2004,i) 16 to 20,529473,660095,11443605,11529397,19918,2.966,43030,6.407,1378670,271103,1107567,2.351,11.958,1560171,466675,1093496,4.048,13.532,-181501,-1.574,23.916,26544,27896,201330
2005,i) 16 to 20,512473,641505,11136009,11225874,21832,3.342,45368,6.945,1289718,260895,1028823,2.324,11.489,1468558,413670,1054888,3.685,13.082,-178840,-1.593,22.978,28241,29819,207405
2006,i) 16 to 20,505155,633021,11018401,11012515,26482,4.1080000000000005,49726,7.7139999999999995,1391436,335908,1055528,3.050,12.635,1381813,414208,967605,3.761,12.548,9623,0.087,25.095,33537,34942,233173
2007,i) 16 to 20,492919,610532,10165785,10248769,22512,3.613,47715,7.657,1329522,285353,1044169,2.784,12.973,1499326,420840,1078486,4.106,14.629,-169804,-1.657,25.945,27906,28996,191167
2008,i) 16 to 20,480975,584257,9439461,9531839,17705,2.957,46834,7.821000000000001,1182936,223570,959366,2.346,12.410,1373528,415537,957991,4.359,14.410,-190592,-2.000,24.821,28477,29759,198713
2009,i) 16 to 20,472513,578382,8469044,8845189,17267,2.909,47841,8.059,822456,190261,632195,2.151,9.298,1576814,380408,1196406,4.301,17.827,-754358,-8.528,18.597,29737,30849,215291
2010,i) 16 to 20,471619,577817,8130971,8347523,18426,3.122,43337,7.3420000000000005,807070,176390,630680,2.113,9.668,1241261,320156,921105,3.835,14.870,-434191,-5.201,19.337,27123,28505,175029
2011,i) 16 to 20,473887,584569,8479027,8520832,19353,3.2439999999999998,43440,7.281000000000001,923877,163518,760359,1.919,10.843,1007953,281026,726927,3.298,11.829,-84076,-0.987,21.685,27604,28785,167217
2012,i) 16 to 20,485202,597569,8920278,8893301,23327,3.835,44853,7.372999999999999,1118924,211579,907345,2.379,12.582,1066400,352847,713553,3.968,11.991,52524,0.591,23.982,25375,26647,187868
2013,i) 16 to 20,497740,614251,9269016,9260052,21302,3.408,42814,6.85,1067888,240618,827270,2.598,11.532,1046665,307941,738724,3.325,11.303,21223,0.229,22.606,26700,27541,181783
2014,i) 16 to 20,505947,617267,9538083,9499875,22384,3.57,42018,6.7010000000000005,1104787,230536,874251,2.427,11.629,1025982,297577,728405,3.132,10.800,78805,0.830,21.600,26835,28010,167152
2015,i) 16 to 20,502795,612483,9560002,9497911,22131,3.557,41665,6.696000000000001,1150490,237620,912870,2.502,12.113,1021302,307694,713608,3.240,10.753,129188,1.360,21.506,27348,28519,181784
2016,i) 16 to 20,496549,601603,9511302,9491557,21034,3.443,39547,6.474,1062470,220391,842079,2.322,11.194,1018413,274189,744224,2.889,10.730,44057,0.464,21.459,27243,28444,178653
2017,i) 16 to 20,486694,588410,9293101,9308969,19932,3.326,41747,6.966,1107953,221770,886183,2.382,11.902,1142636,347897,794739,3.737,12.275,-34683,-0.373,23.804,28603,29711,209537
2018,i) 16 to 20,484994,579789,9192780,9243130,15629,2.641,39755,6.7170000000000005,1010206,179336,830870,1.940,10.929,1107346,325056,782290,3.517,11.980,-97140,-1.051,21.859,30034,31755,216347
1978,j) 21 to 25,0,0,0,0,0,,0,,0,0,0,.,.,0,0,0,.,.,0,.,.,0,0,0
1979,j) 21 to 25,0,0,0,0,0,,0,,0,0,0,.,.,0,0,0,.,.,0,.,.,0,0,0
1980,j) 21 to 25,0,0,0,0,0,,0,,0,0,0,.,.,0,0,0,.,.,0,.,.,0,0,0
1981,j) 21 to 25,0,0,0,0,0,,0,,0,0,0,.,.,0,0,0,.,.,0,.,.,0,0,0
1982,j) 21 to 25,0,0,0,0,0,,0,,0,0,0,.,.,0,0,0,.,.,0,.,.,0,0,0
1983,j) 21 to 25,0,0,0,0,0,,0,,0,0,0,.,.,0,0,0,.,.,0,.,.,0,0,0
1984,j) 21 to 25,0,0,0,0,0,,0,,0,0,0,.,.,0,0,0,.,.,0,.,.,0,0,0
1985,j) 21 to 25,0,0,0,0,0,,0,,0,0,0,.,.,0,0,0,.,.,0,.,.,0,0,0
1986,j) 21 to 25,0,0,0,0,0,,0,,0,0,0,.,.,0,0,0,.,.,0,.,.,0,0,0
1987,j) 21 to 25,0,0,0,0,0,,0,,0,0,0,.,.,0,0,0,.,.,0,.,.,0,0,0
1988,j) 21 to 25,0,0,0,0,0,,0,,0,0,0,.,.,0,0,0,.,.,0,.,.,0,0,0
1989,j) 21 to 25,0,0,0,0,0,,0,,0,0,0,.,.,0,0,0,.,.,0,.,.,0,0,0
1990,j) 21 to 25,0,0,0,0,0,,0,,0,0,0,.,.,0,0,0,.,.,0,.,.,0,0,0
1991,j) 21 to 25,0,0,0,0,0,,0,,0,0,0,.,.,0,0,0,.,.,0,.,.,0,0,0
1992,j) 21 to 25,0,0,0,0,0,,0,,0,0,0,.,.,0,0,0,.,.,0,.,.,0,0,0
1993,j) 21 to 25,0,0,0,0,0,,0,,0,0,0,.,.,0,0,0,.,.,0,.,.,0,0,0
1994,j) 21 to 25,0,0,0,0,0,,0,,0,0,0,.,.,0,0,0,.,.,0,.,.,0,0,0
1995,j) 21 to 25,0,0,0,0,0,,0,,0,0,0,.,.,0,0,0,.,.,0,.,.,0,0,0
1996,j) 21 to 25,0,0,0,0,0,,0,,0,0,0,.,.,0,0,0,.,.,0,.,.,0,0,0
1997,j) 21 to 25,0,0,0,0,0,,0,,0,0,0,.,.,0,0,0,.,.,0,.,.,0,0,0
1998,j) 21 to 25,78358,102753,1842842,1837979,3426,3.27,7452,7.1129999999999995,258839,63803,195036,3.471,14.083,247843,70381,177462,3.829,13.485,10996,0.598,26.969,4152,4794,36776
1999,j) 21 to 25,152435,203271,3549874,3560936,7022,3.4010000000000002,13406,6.492999999999999,463936,116598,347338,3.274,13.028,489354,153749,335605,4.318,13.742,-25418,-0.714,26.057,7969,8740,74558
2000,j) 21 to 25,219046,288025,5269806,5223401,9085,3.1,19166,6.54,724889,217935,506954,4.172,13.878,632922,200980,431942,3.848,12.117,91967,1.761,24.234,11349,12417,89232
2001,j) 21 to 25,278556,366362,6670268,6695397,12891,3.466,24047,6.465,843612,249810,593802,3.731,12.600,895285,251676,643609,3.759,13.372,-51673,-0.772,25.200,14171,15362,112643
2002,j) 21 to 25,331224,435608,7743860,7972534,17176,3.8569999999999998,36702,8.241,1008983,297551,711432,3.732,12.656,1470048,485309,984739,6.087,18.439,-461065,-5.783,25.311,19537,21348,239842
2003,j) 21 to 25,329153,428850,7644817,7669619,13290,3.042,29420,6.734,967598,206135,761463,2.688,12.616,1016174,294162,722012,3.835,13.249,-48576,-0.633,25.232,16198,17503,119163
2004,j) 21 to 25,327503,418800,7612691,7649946,12394,2.912,26068,6.124,843606,149025,694581,1.948,11.028,918875,256095,662780,3.348,12.012,-75269,-0.984,22.055,15716,17310,124663
2005,j) 21 to 25,357269,458566,7998429,8067189,13377,2.8739999999999997,27225,5.849,911880,204312,707568,2.533,11.304,1051744,288287,763457,3.574,13.037,-139864,-1.734,22.607,16681,17765,149685
2006,j) 21 to 25,371924,487108,8710296,8695964,18550,3.758,31534,6.388999999999999,1053980,261198,792782,3.004,12.120,1023971,285949,738022,3.288,11.775,30009,0.345,23.550,20547,21739,147875
2007,j) 21 to 25,393666,519472,9826613,9885799,18308,3.4730000000000003,33803,6.412000000000001,1204897,265355,939542,2.684,12.188,1325248,369091,956157,3.734,13.406,-120351,-1.217,24.376,18282,19346,160672
2008,j) 21 to 25,403066,535855,10624676,10687418,15341,2.807,36687,6.712999999999999,1217414,252749,964665,2.365,11.391,1347241,387067,960174,3.622,12.606,-129827,-1.215,22.782,20108,21222,153514
2009,j) 21 to 25,408350,544455,10386165,10789995,15094,2.716,37852,6.81,922509,258944,663565,2.400,8.550,1730087,414244,1315843,3.839,16.034,-807578,-7.485,17.099,21392,23111,192271
2010,j) 21 to 25,391563,525033,9770067,9977970,17667,3.31,35176,6.59,895001,207436,687565,2.079,8.970,1313793,316963,996830,3.177,13.167,-418792,-4.197,17.940,19402,20339,120575
2011,j) 21 to 25,387236,518715,9487243,9471614,17402,3.299,34823,6.602,1065962,201932,864030,2.132,11.254,1032443,304418,728025,3.214,10.900,33519,0.354,21.801,20090,21354,132894
2012,j) 21 to 25,380460,499336,8800802,8817601,16366,3.221,33903,6.672000000000001,994792,176485,818307,2.002,11.282,1026149,293836,732313,3.332,11.638,-31357,-0.356,22.564,17924,19109,124452
2013,j) 21 to 25,374103,479564,8275107,8261252,16412,3.365,32882,6.7410000000000005,1000454,207511,792943,2.512,12.110,971617,316843,654774,3.835,11.761,28837,0.349,23.522,18320,19028,128240
2014,j) 21 to 25,372459,481144,8153618,8166971,14177,2.9,29582,6.051,937990,193885,744105,2.374,11.485,973191,320091,653100,3.919,11.916,-35201,-0.431,22.970,18071,18726,119831
2015,j) 21 to 25,373318,485444,8290397,8293065,14866,3.016,29858,6.057,845536,157272,688264,1.896,10.196,849158,225020,624138,2.713,10.239,-3622,-0.044,20.391,19049,19951,123124
2016,j) 21 to 25,378316,496792,8579419,8642659,15986,3.174,29797,5.916,930080,193393,736687,2.238,10.762,1056058,315103,740955,3.646,12.219,-125978,-1.458,21.523,19312,20028,135284
2017,j) 21 to 25,384576,513693,9238397,9158261,20895,4.02,32944,6.3389999999999995,1193215,309099,884116,3.375,13.029,1030718,299612,731106,3.271,11.255,162497,1.774,22.509,20837,21881,154167
2018,j) 21 to 25,393288,527064,9602870,9622449,15535,2.897,34003,6.34,1043870,213058,830812,2.214,10.848,1081252,308380,772872,3.205,11.237,-37382,-0.388,21.697,23636,25546,169200
1978,k) 26+,0,0,0,0,0,,0,,0,0,0,.,.,0,0,0,.,.,0,.,.,0,0,0
1979,k) 26+,0,0,0,0,0,,0,,0,0,0,.,.,0,0,0,.,.,0,.,.,0,0,0
1980,k) 26+,0,0,0,0,0,,0,,0,0,0,.,.,0,0,0,.,.,0,.,.,0,0,0
1981,k) 26+,0,0,0,0,0,,0,,0,0,0,.,.,0,0,0,.,.,0,.,.,0,0,0
1982,k) 26+,0,0,0,0,0,,0,,0,0,0,.,.,0,0,0,.,.,0,.,.,0,0,0
1983,k) 26+,0,0,0,0,0,,0,,0,0,0,.,.,0,0,0,.,.,0,.,.,0,0,0
1984,k) 26+,0,0,0,0,0,,0,,0,0,0,.,.,0,0,0,.,.,0,.,.,0,0,0
1985,k) 26+,0,0,0,0,0,,0,,0,0,0,.,.,0,0,0,.,.,0,.,.,0,0,0
1986,k) 26+,0,0,0,0,0,,0,,0,0,0,.,.,0,0,0,.,.,0,.,.,0,0,0
1987,k) 26+,0,0,0,0,0,,0,,0,0,0,.,.,0,0,0,.,.,0,.,.,0,0,0
1988,k) 26+,0,0,0,0,0,,0,,0,0,0,.,.,0,0,0,.,.,0,.,.,0,0,0
1989,k) 26+,0,0,0,0,0,,0,,0,0,0,.,.,0,0,0,.,.,0,.,.,0,0,0
1990,k) 26+,0,0,0,0,0,,0,,0,0,0,.,.,0,0,0,.,.,0,.,.,0,0,0
1991,k) 26+,0,0,0,0,0,,0,,0,0,0,.,.,0,0,0,.,.,0,.,.,0,0,0
1992,k) 26+,0,0,0,0,0,,0,,0,0,0,.,.,0,0,0,.,.,0,.,.,0,0,0
1993,k) 26+,0,0,0,0,0,,0,,0,0,0,.,.,0,0,0,.,.,0,.,.,0,0,0
1994,k) 26+,0,0,0,0,0,,0,,0,0,0,.,.,0,0,0,.,.,0,.,.,0,0,0
1995,k) 26+,0,0,0,0,0,,0,,0,0,0,.,.,0,0,0,.,.,0,.,.,0,0,0
1996,k) 26+,0,0,0,0,0,,0,,0,0,0,.,.,0,0,0,.,.,0,.,.,0,0,0
1997,k) 26+,0,0,0,0,0,,0,,0,0,0,.,.,0,0,0,.,.,0,.,.,0,0,0
1998,k) 26+,0,0,0,0,0,,0,,0,0,0,.,.,0,0,0,.,.,0,.,.,0,0,0
1999,k) 26+,0,0,0,0,0,,0,,0,0,0,.,.,0,0,0,.,.,0,.,.,0,0,0
2000,k) 26+,0,0,0,0,0,,0,,0,0,0,.,.,0,0,0,.,.,0,.,.,0,0,0
2001,k) 26+,0,0,0,0,0,,0,,0,0,0,.,.,0,0,0,.,.,0,.,.,0,0,0
2002,k) 26+,0,0,0,0,0,,0,,0,0,0,.,.,0,0,0,.,.,0,.,.,0,0,0
2003,k) 26+,60352,86344,1710798,1720497,2669,3.037,5728,6.518,215688,45429,170259,2.640,12.536,233495,64680,168815,3.759,13.571,-17807,-1.035,25.073,2891,3210,24751
2004,k) 26+,118594,174420,3396013,3386165,5320,3.0060000000000002,10496,5.93,402534,111497,291037,3.293,11.888,383835,101578,282257,3.000,11.335,18699,0.552,22.671,5695,6020,42410
2005,k) 26+,171186,248107,5057768,5047438,8948,3.565,14762,5.881,593074,151990,441084,3.011,11.750,575388,131631,443757,2.608,11.400,17686,0.350,22.799,8552,9477,62243
2006,k) 26+,216580,314901,6481406,6422602,14005,4.395,21550,6.7620000000000005,855313,309404,545909,4.817,13.317,739121,228350,510771,3.555,11.508,116192,1.809,23.016,12944,13607,88583
2007,k) 26+,259838,379574,7735484,7772145,15966,4.154,25513,6.638,941722,248409,693313,3.196,12.117,1014348,265573,748775,3.417,13.051,-72626,-0.934,24.233,13073,14002,91928
2008,k) 26+,304417,445240,9100353,9150526,14729,3.2539999999999996,29432,6.502999999999999,1063185,264898,798287,2.895,11.619,1164562,311595,852967,3.405,12.727,-101377,-1.108,23.238,15558,17083,126754
2009,k) 26+,347191,510180,10061999,10413184,15013,2.8930000000000002,32414,6.247000000000001,881255,240805,640450,2.313,8.463,1586088,347663,1238425,3.339,15.232,-704833,-6.769,16.926,17926,18734,150757
2010,k) 26+,414959,604820,11859183,11997433,18873,3.0789999999999997,35316,5.761,1155953,270277,885676,2.253,9.635,1425787,344161,1081626,2.869,11.884,-269834,-2.249,19.270,17936,19492,133622
2011,k) 26+,465821,685344,13575651,13600642,20861,3.0,40847,5.874,1318394,242932,1075462,1.786,9.694,1373352,356010,1017342,2.618,10.098,-54958,-0.404,19.387,21284,25414,156645
2012,k) 26+,519696,763409,15839785,15799693,23304,3.008,46044,5.943,1673774,322736,1351038,2.043,10.594,1588926,418019,1170907,2.646,10.057,84848,0.537,20.113,22061,23682,151028
2013,k) 26+,565420,843560,18145564,18082332,26571,3.109,48899,5.721,1932021,382239,1549782,2.114,10.685,1806196,511078,1295118,2.826,9.989,125825,0.696,19.977,25508,26889,192902
2014,k) 26+,608332,917360,20126450,20051510,31781,3.429,50905,5.492000000000001,2078266,489824,1588442,2.443,10.365,1921873,514150,1407723,2.564,9.585,156393,0.780,19.169,27609,29039,187800
2015,k) 26+,649062,996241,22126515,22066858,34168,3.3939999999999997,54834,5.4479999999999995,2238040,529901,1708139,2.401,10.142,2114700,549315,1565385,2.489,9.583,123340,0.559,19.166,30695,32479,210618
2016,k) 26+,688436,1067194,23837403,23752582,35312,3.2769999999999997,56348,5.228,2458165,611255,1846910,2.573,10.349,2289856,660927,1628929,2.783,9.640,168309,0.709,19.281,33295,35502,243608
2017,k) 26+,720398,1117860,25131118,25122537,36675,3.234,69205,6.102,2674786,547116,2127670,2.178,10.647,2657235,758810,1898425,3.020,10.577,17551,0.070,21.154,36482,39094,282817
2018,k) 26+,748725,1167891,26870922,26851278,32118,2.708,68454,5.772,2586521,553450,2033071,2.061,9.633,2546176,671152,1875024,2.500,9.483,40345,0.150,18.965,41254,44755,311260
1978,l) Left Censored,2716591,3448561,64362988,63077221,155134,4.367,362509,10.205,11278416,2548066,8730350,4.040,17.880,8701933,3538783,5163150,5.610,13.796,2576483,4.085,27.591,(S),(S),1404348
1979,l) Left Censored,2535021,3287487,66082315,65139084,133733,3.985,271368,8.085,10069061,2290395,7778666,3.516,15.458,8170006,2813590,5356416,4.319,12.542,1899055,2.915,25.085,161858,165856,1040926
1980,l) Left Censored,2352148,3127635,65011349,65599687,119041,3.7230000000000003,258088,8.072000000000001,8319059,2218113,6100946,3.381,12.682,9477783,2637459,6840324,4.021,14.448,-1158724,-1.766,25.363,157041,161995,1058294
1981,l) Left Censored,2214850,3011869,63706299,64298110,117007,3.825,211788,6.922999999999999,7608567,2022204,5586363,3.145,11.833,8778254,2230250,6548004,3.469,13.652,-1169687,-1.819,23.667,117956,123386,763209
1982,l) Left Censored,2072788,2885382,62335252,63016738,128060,4.355,238261,8.103,7907812,2366211,5541601,3.755,12.549,9265355,2397737,6867618,3.805,14.703,-1357543,-2.154,25.097,136344,141962,856847
1983,l) Left Censored,1963415,2769638,59397909,60501593,108652,3.867,188903,6.723,7206965,1637396,5569569,2.706,11.912,9401539,2226991,7174548,3.681,15.539,-2194574,-3.627,23.824,102633,107524,717361
1984,l) Left Censored,1859583,2679301,61028596,60025998,105104,3.877,168119,6.202000000000001,8569931,1975591,6594340,3.291,14.277,6547945,1789146,4758799,2.981,10.909,2021986,3.369,21.817,99786,103645,647907
1985,l) Left Censored,1733831,2553719,61120414,60793665,97679,3.7569999999999997,189813,7.301,8190840,1935915,6254925,3.184,13.473,7543044,2463578,5079466,4.052,12.408,647796,1.066,24.815,110437,115849,947855
1986,l) Left Censored,1628025,2450974,60417941,60386993,104763,4.221,166710,6.7170000000000005,7826683,2015428,5811255,3.338,12.961,7757012,2107584,5649428,3.490,12.846,69671,0.115,25.691,91669,96062,662691
1987,l) Left Censored,1516846,2348701,59718310,60201338,115250,4.84,180399,7.5760000000000005,7994638,2235529,5759109,3.713,13.280,8956053,2630030,6326023,4.369,14.877,-961415,-1.597,26.560,88642,93748,750753
1988,l) Left Censored,1448050,2318664,59973628,59791819,127224,5.456,153255,6.5729999999999995,8296275,2412501,5883774,4.035,13.875,7930252,2382650,5547602,3.985,13.263,366023,0.612,26.526,75618,80659,676859
1989,l) Left Censored,1369565,2259288,60162819,59861374,116182,5.109,145960,6.417999999999999,7856628,2183109,5673519,3.647,13.125,7274858,2084409,5190449,3.482,12.153,581770,0.972,24.306,73780,79220,617344
1990,l) Left Censored,1300831,2204523,60174371,60043114,98855,4.452,130382,5.872000000000001,7106840,1867101,5239739,3.110,11.836,6828644,1719497,5109147,2.864,11.373,278196,0.463,22.746,66181,71510,543806
1991,l) Left Censored,1219550,2153164,58095775,59004614,115172,5.32,138352,6.391,6409869,2062961,4346908,3.496,10.863,8237202,2112981,6124221,3.581,13.960,-1827333,-3.097,21.727,67899,73653,818378
1992,l) Left Censored,1156904,2077181,57167641,57562218,86899,4.131,139552,6.6339999999999995,6643758,1743530,4900228,3.029,11.542,7431913,1888690,5543223,3.281,12.911,-788155,-1.369,23.084,55003,60123,425760
1993,l) Left Censored,1102948,2001959,56615819,56891950,77038,3.781,148458,7.2860000000000005,6547703,1568702,4979001,2.757,11.509,7112941,2123902,4989039,3.733,12.503,-565238,-0.994,23.018,53976,58383,423322
1994,l) Left Censored,1055774,1967423,56930701,56891892,88703,4.462,129502,6.515,6523060,1769224,4753836,3.110,11.466,6436519,1902465,4534054,3.344,11.314,86541,0.152,22.627,51559,56623,459732
1995,l) Left Censored,1006926,1929542,57510660,57248108,87620,4.498,124373,6.385,6588642,1806324,4782318,3.155,11.509,6055246,1738620,4316626,3.037,10.577,533396,0.932,21.154,48931,54609,422208
1996,l) Left Censored,946546,1875108,56677479,56903396,84650,4.465,126307,6.662000000000001,6299844,1774234,4525610,3.118,11.071,6760789,2001652,4759137,3.518,11.881,-460945,-0.810,22.142,47595,52882,431340
1997,l) Left Censored,899510,1812487,56967129,56817893,98243,5.343,150790,8.201,7665041,2183846,5481195,3.844,13.491,7339548,2462308,4877240,4.334,12.918,325493,0.573,25.835,45744,52547,461756
1998,l) Left Censored,863822,1789298,57687613,57553131,102801,5.702999999999999,129086,7.162000000000001,7171740,2042950,5128790,3.550,12.461,6884382,2277420,4606962,3.957,11.962,287358,0.499,23.924,39546,44593,388793
1999,l) Left Censored,822934,1764030,57772318,57773548,100094,5.64,121199,6.83,7066309,2105635,4960674,3.645,12.231,7066576,2245617,4820959,3.887,12.232,-267,-0.000,24.462,38432,44158,426295
2000,l) Left Censored,785076,1735867,58110415,58104162,97350,5.56,127263,7.269,7207925,2051883,5156042,3.531,12.405,7202754,2500578,4702176,4.304,12.396,5171,0.009,24.793,35950,42249,405505
2001,l) Left Censored,746935,1717116,57806158,57956557,108420,6.2829999999999995,125602,7.278,7008851,2325950,4682901,4.013,12.093,7316467,2139535,5176932,3.692,12.624,-307616,-0.531,24.187,33544,39283,356930
2002,l) Left Censored,711464,1683618,55787071,57049426,106503,6.254,145334,8.533999999999999,7027500,2285295,4742205,4.006,12.318,9563944,3042896,6521048,5.334,16.764,-2536444,-4.446,24.637,39015,46220,758949
2003,l) Left Censored,682345,1650065,54809750,55313488,94439,5.671,124877,7.499,6312761,1869308,4443453,3.379,11.413,7339221,2210233,5128988,3.996,13.268,-1026460,-1.856,22.825,28616,32986,296594
2004,l) Left Censored,654914,1627298,54526393,54650660,89841,5.487,109756,6.704,6100946,1688145,4412801,3.089,11.164,6368759,2008980,4359779,3.676,11.654,-267813,-0.490,22.327,26842,30265,289251
2005,l) Left Censored,627699,1602019,54300483,54563223,86780,5.381,108126,6.705,5579863,1634046,3945817,2.995,10.226,6101256,1696055,4405201,3.108,11.182,-521393,-0.956,20.453,26775,30249,257780
2006,l) Left Censored,595580,1600258,54940628,54704399,101542,6.341,103486,6.462999999999999,6220548,1840799,4379749,3.365,11.371,5768754,1593109,4175645,2.912,10.545,451794,0.826,21.091,29649,32984,267100
2007,l) Left Censored,569737,1586348,54573135,54806869,101640,6.38,115351,7.24,6384540,1812376,4572164,3.307,11.649,6856713,1964445,4892268,3.584,12.511,-472173,-0.862,23.298,23650,26520,243986
2008,l) Left Censored,545234,1569048,53972565,54269064,85496,5.419,102798,6.516,5696981,1528923,4168058,2.817,10.498,6307990,1685606,4622384,3.106,11.624,-611009,-1.126,20.995,22373,25008,233244
2009,l) Left Censored,523449,1537244,51420372,52716153,80535,5.185,112512,7.244,4452200,1383456,3068744,2.624,8.446,7058616,1656544,5402072,3.142,13.390,-2606416,-4.944,16.891,21116,25194,302826
2010,l) Left Censored,504436,1505173,49672715,50518664,67965,4.471,98196,6.459,4113721,1068003,3045718,2.114,8.143,5787786,1387900,4399886,2.747,11.457,-1674065,-3.314,16.286,18151,21914,231395
2011,l) Left Censored,484665,1486696,49948422,49836562,74275,4.971,89449,5.986000000000001,4853205,1146406,3706799,2.300,9.738,4619823,1167408,3452415,2.342,9.270,233382,0.468,18.540,18293,20728,158352
2012,l) Left Censored,468090,1465548,50136618,50099634,67922,4.598,91040,6.162999999999999,4973836,1035990,3937846,2.068,9.928,4899950,1281412,3618538,2.558,9.780,73886,0.147,19.561,15826,20368,178584
2013,l) Left Censored,450293,1444410,50314136,50286440,73205,5.033,93223,6.41,4811724,1202591,3609133,2.391,9.569,4763754,1330231,3433523,2.645,9.473,47970,0.095,18.946,16515,18733,179299
2014,l) Left Censored,434248,1440694,50488927,50372102,74444,5.164,76175,5.284,4589328,1173337,3415991,2.329,9.111,4359526,1049187,3310339,2.083,8.655,229802,0.456,17.309,15395,17215,141986
2015,l) Left Censored,418022,1423094,50872568,50609210,78909,5.532,85388,5.987,5087332,1433102,3654230,2.832,10.052,4554366,1162724,3391642,2.297,8.999,532966,1.053,17.998,15466,18009,157715
2016,l) Left Censored,402700,1434944,51152650,51029442,79499,5.567,65804,4.6080000000000005,4574846,1150643,3424203,2.255,8.965,4335736,1050851,3284885,2.059,8.497,239110,0.469,16.993,14830,18073,191488
2017,l) Left Censored,387078,1393272,50833169,50951949,52583,3.721,92578,6.551,4815525,1052465,3763060,2.066,9.451,5055729,1436393,3619336,2.819,9.923,-240204,-0.471,18.902,14551,17493,180109
2018,l) Left Censored,372602,1369401,51065143,50957924,52684,3.818,73932,5.357,4547424,1031726,3515698,2.025,8.924,4334526,1082514,3252012,2.124,8.506,212898,0.418,17.012,14841,18749,192062
