year,eage,firms,estabs,emp,denom,estabs_entry,estabs_entry_rate,estabs_exit,estabs_exit_rate,job_creation,job_creation_births,job_creation_continuers,job_creation_rate_births,job_creation_rate,job_destruction,job_destruction_deaths,job_destruction_continuers,job_destruction_rate_deaths,job_destruction_rate,net_job_creation,net_job_creation_rate,reallocation_rate,firmdeath_firms,firmdeath_estabs,firmdeath_emp
1978,a) 0,521112,588494,4509960,2254980,588494,200.0,0,0.0,4509960,4509960,0,200.000,200.000,0,0,0,0,0,4509960,200.000,0,0,0,0
1979,a) 0,494635,552024,4138276,2069138,552024,200.0,0,0.0,4138276,4138276,0,200.000,200.000,0,0,0,0,0,4138276,200.000,0,0,0,0
1980,a) 0,454741,508367,3883945,1941973,508367,200.0,0,0.0,3883945,3883945,0,200.000,200.000,0,0,0,0,0,3883945,200.000,0,0,0,0
1981,a) 0,438578,498717,4129832,2064916,498717,200.0,0,0.0,4129832,4129832,0,200.000,200.000,0,0,0,0,0,4129832,200.000,0,0,0,0
1982,a) 0,427495,486347,4027540,2013770,486347,200.0,0,0.0,4027540,4027540,0,200.000,200.000,0,0,0,0,0,4027540,200.000,0,0,0,0
1983,a) 0,479752,536859,4464182,2232091,536859,200.0,0,0.0,4464182,4464182,0,200.000,200.000,0,0,0,0,0,4464182,200.000,0,0,0,0
1984,a) 0,547814,608788,4885266,2442633,608788,200.0,0,0.0,4885266,4885266,0,200.000,200.000,0,0,0,0,0,4885266,200.000,0,0,0,0
1985,a) 0,538334,600773,5254198,2627099,600773,200.0,0,0.0,5254198,5254198,0,200.000,200.000,0,0,0,0,0,5254198,200.000,0,0,0,0
1986,a) 0,534764,608685,5355780,2677890,608685,200.0,0,0.0,5355780,5355780,0,200.000,200.000,0,0,0,0,0,5355780,200.000,0,0,0,0
1987,a) 0,548132,633065,5966630,2983315,633065,200.0,0,0.0,5966630,5966630,0,200.000,200.000,0,0,0,0,0,5966630,200.000,0,0,0,0
1988,a) 0,546393,647783,5830737,2915369,647783,200.0,0,0.0,5830737,5830737,0,200.000,200.000,0,0,0,0,0,5830737,200.000,0,0,0,0
1989,a) 0,535305,630195,5514013,2757007,630195,200.0,0,0.0,5514013,5514013,0,200.000,200.000,0,0,0,0,0,5514013,200.000,0,0,0,0
1990,a) 0,525565,604878,5067799,2533900,604878,200.0,0,0.0,5067799,5067799,0,200.000,200.000,0,0,0,0,0,5067799,200.000,0,0,0,0
1991,a) 0,500723,602061,5197551,2598776,602061,200.0,0,0.0,5197551,5197551,0,200.000,200.000,0,0,0,0,0,5197551,200.000,0,0,0,0
1992,a) 0,478747,556182,4704493,2352247,556182,200.0,0,0.0,4704493,4704493,0,200.000,200.000,0,0,0,0,0,4704493,200.000,0,0,0,0
1993,a) 0,489733,557364,4567310,2283655,557364,200.0,0,0.0,4567310,4567310,0,200.000,200.000,0,0,0,0,0,4567310,200.000,0,0,0,0
1994,a) 0,507210,593826,5115087,2557544,593826,200.0,0,0.0,5115087,5115087,0,200.000,200.000,0,0,0,0,0,5115087,200.000,0,0,0,0
1995,a) 0,524829,615437,5414729,2707365,615437,200.0,0,0.0,5414729,5414729,0,200.000,200.000,0,0,0,0,0,5414729,200.000,0,0,0,0
1996,a) 0,525232,613371,5370655,2685328,613371,200.0,0,0.0,5370655,5370655,0,200.000,200.000,0,0,0,0,0,5370655,200.000,0,0,0,0
1997,a) 0,528123,642653,6090874,3045437,642653,200.0,0,0.0,6090874,6090874,0,200.000,200.000,0,0,0,0,0,6090874,200.000,0,0,0,0
1998,a) 0,502355,613472,5857341,2928671,613472,200.0,0,0.0,5857341,5857341,0,200.000,200.000,0,0,0,0,0,5857341,200.000,0,0,0,0
1999,a) 0,475561,593875,5737427,2868714,593875,200.0,0,0.0,5737427,5737427,0,200.000,200.000,0,0,0,0,0,5737427,200.000,0,0,0,0
2000,a) 0,470458,591250,5922263,2961132,591250,200.0,0,0.0,5922263,5922263,0,200.000,200.000,0,0,0,0,0,5922263,200.000,0,0,0,0
2001,a) 0,463542,591167,5889868,2944934,591167,200.0,0,0.0,5889868,5889868,0,200.000,200.000,0,0,0,0,0,5889868,200.000,0,0,0,0
2002,a) 0,498879,636937,6706132,3353066,636937,200.0,0,0.0,6706132,6706132,0,200.000,200.000,0,0,0,0,0,6706132,200.000,0,0,0,0
2003,a) 0,502154,609275,5287503,2643752,609275,200.0,0,0.0,5287503,5287503,0,200.000,200.000,0,0,0,0,0,5287503,200.000,0,0,0,0
2004,a) 0,520688,626630,5216633,2608317,626630,200.0,0,0.0,5216633,5216633,0,200.000,200.000,0,0,0,0,0,5216633,200.000,0,0,0,0
2005,a) 0,545582,656831,5552557,2776279,656831,200.0,0,0.0,5552557,5552557,0,200.000,200.000,0,0,0,0,0,5552557,200.000,0,0,0,0
2006,a) 0,601814,741289,6455145,3227573,741289,200.0,0,0.0,6455145,6455145,0,200.000,200.000,0,0,0,0,0,6455145,200.000,0,0,0,0
2007,a) 0,539891,678160,5655046,2827523,678160,200.0,0,0.0,5655046,5655046,0,200.000,200.000,0,0,0,0,0,5655046,200.000,0,0,0,0
2008,a) 0,491982,609330,5100082,2550041,609330,200.0,0,0.0,5100082,5100082,0,200.000,200.000,0,0,0,0,0,5100082,200.000,0,0,0,0
2009,a) 0,410571,516277,4425907,2212954,516277,200.0,0,0.0,4425907,4425907,0,200.000,200.000,0,0,0,0,0,4425907,200.000,0,0,0,0
2010,a) 0,394573,492616,4105382,2052691,492616,200.0,0,0.0,4105382,4105382,0,200.000,200.000,0,0,0,0,0,4105382,200.000,0,0,0,0
2011,a) 0,412859,511764,3971591,1985796,511764,200.0,0,0.0,3971591,3971591,0,200.000,200.000,0,0,0,0,0,3971591,200.000,0,0,0,0
2012,a) 0,426295,516611,3986617,1993309,516611,200.0,0,0.0,3986617,3986617,0,200.000,200.000,0,0,0,0,0,3986617,200.000,0,0,0,0
2013,a) 0,426153,527170,4278275,2139138,527170,200.0,0,0.0,4278275,4278275,0,200.000,200.000,0,0,0,0,0,4278275,200.000,0,0,0,0
2014,a) 0,428176,540003,4489239,2244620,540003,200.0,0,0.0,4489239,4489239,0,200.000,200.000,0,0,0,0,0,4489239,200.000,0,0,0,0
2015,a) 0,437238,553839,4764267,2382134,553839,200.0,0,0.0,4764267,4764267,0,200.000,200.000,0,0,0,0,0,4764267,200.000,0,0,0,0
2016,a) 0,458235,575547,4637311,2318656,575547,200.0,0,0.0,4637311,4637311,0,200.000,200.000,0,0,0,0,0,4637311,200.000,0,0,0,0
2017,a) 0,455491,551172,4540728,2270364,551172,200.0,0,0.0,4540728,4540728,0,200.000,200.000,0,0,0,0,0,4540728,200.000,0,0,0,0
2018,a) 0,442583,523094,4312009,2156005,523094,200.0,0,0.0,4312009,4312009,0,200.000,200.000,0,0,0,0,0,4312009,200.000,0,0,0,0
1978,b) 1,403887,485895,4957514,5045363,0,0.0,144415,25.875999999999998,1275862,0,1275862,0.000,25.288,1442201,835565,606636,16.561,28.585,-166339,-3.297,50.576,99525,100942,445074
1979,b) 1,393268,453334,4455176,4478502,0,0.0,125019,24.236,1172357,0,1172357,0.000,26.177,1210698,645894,564804,14.422,27.034,-38341,-0.856,52.355,92499,92918,406662
1980,b) 1,360274,412234,3823228,4005572,0,0.0,130430,27.318,879541,0,879541,0.000,21.958,1231788,613491,618297,15.316,30.752,-352247,-8.794,43.916,100123,100463,408388
1981,b) 1,342875,391349,3738240,3805196,0,0.0,109375,24.522,891273,0,891273,0.000,23.423,1016705,503831,512874,13.241,26.719,-125432,-3.296,46.845,78910,79356,313815
1982,b) 1,320938,376235,3901586,4029888,0,0.0,114446,26.403000000000002,889760,0,889760,0.000,22.079,1137442,560121,577321,13.899,28.225,-247682,-6.146,44.158,89045,89265,385198
1983,b) 1,329731,381135,3652863,3817042,0,0.0,90597,21.245,816655,0,816655,0.000,21.395,1138495,517664,620831,13.562,29.827,-321840,-8.432,42.790,66945,67538,322244
1984,b) 1,363976,415679,4330886,4391757,0,0.0,106314,22.676,1086747,0,1086747,0.000,24.745,1204966,534150,670816,12.163,27.437,-118219,-2.692,49.490,82836,83037,377129
1985,b) 1,409584,463325,4700094,4749942,0,0.0,129016,24.443,1205154,0,1205154,0.000,25.372,1297896,640178,657718,13.478,27.324,-92742,-1.952,50.744,101438,101719,460806
1986,b) 1,391776,438537,4754369,4879549,0,0.0,129020,25.648000000000003,1120279,0,1120279,0.000,22.959,1362549,702421,660128,14.395,27.924,-242270,-4.965,45.917,99435,99858,498159
1987,b) 1,417410,484794,5248422,5414414,0,0.0,128440,23.395,1264477,0,1264477,0.000,23.354,1579132,750917,828215,13.869,29.165,-314655,-5.811,46.708,99394,99733,494516
1988,b) 1,416966,490659,5719124,5821241,0,0.0,130733,23.511999999999997,1322589,0,1322589,0.000,22.720,1517908,749771,768137,12.880,26.075,-195319,-3.355,45.440,97999,98815,493352
1989,b) 1,416886,500894,5726627,5795275,0,0.0,132703,23.394000000000002,1407047,0,1407047,0.000,24.279,1535127,771017,764110,13.304,26.489,-128080,-2.210,48.558,98161,99290,482370
1990,b) 1,406930,493273,5458892,5508441,0,0.0,126134,22.671999999999997,1345458,0,1345458,0.000,24.425,1436783,669104,767679,12.147,26.083,-91325,-1.658,48.851,99167,99666,491541
1991,b) 1,394640,465546,4762815,4930960,0,0.0,128922,24.325,1127684,0,1127684,0.000,22.869,1458081,677517,780564,13.740,29.570,-330397,-6.700,45.739,99098,99415,485669
1992,b) 1,385361,476245,4875371,5004196,0,0.0,111142,20.899,1125299,0,1125299,0.000,22.487,1374235,575608,798627,11.503,27.462,-248936,-4.975,44.974,83393,83650,407832
1993,b) 1,373171,440853,4790527,4815568,0,0.0,111949,22.533,1157260,0,1157260,0.000,24.032,1203027,589412,613615,12.240,24.982,-45767,-0.950,48.063,82160,82776,378174
1994,b) 1,377231,438765,4561076,4579253,0,0.0,116136,23.375,1101103,0,1101103,0.000,24.045,1128053,571069,556984,12.471,24.634,-26950,-0.589,48.091,89841,90064,411640
1995,b) 1,394856,473416,5096997,5126530,0,0.0,116642,21.936,1181312,0,1181312,0.000,23.043,1233408,573679,659729,11.190,24.059,-52096,-1.016,46.086,88339,88610,395547
1996,b) 1,406660,488206,5328820,5380302,0,0.0,123360,22.434,1251801,0,1251801,0.000,23.266,1351053,613590,737463,11.404,25.111,-99252,-1.845,46.533,93099,93404,405949
1997,b) 1,406314,482888,5329145,5402600,0,0.0,127087,23.258000000000003,1301835,0,1301835,0.000,24.096,1437454,674174,763280,12.479,26.607,-135619,-2.510,48.193,94670,95015,434877
1998,b) 1,414535,515983,6258057,6216740,0,0.0,123508,21.378,1468340,0,1468340,0.000,23.619,1377071,643191,733880,10.346,22.151,91269,1.468,44.302,86736,87563,368866
1999,b) 1,392048,488342,5931031,5941181,0,0.0,121664,22.154,1420505,0,1420505,0.000,23.909,1433684,648027,785657,10.907,24.131,-13179,-0.222,47.819,84617,85035,372171
2000,b) 1,369512,475035,5961309,5884195,0,0.0,115508,21.68,1468398,0,1468398,0.000,24.955,1306555,581431,725124,9.881,22.204,161843,2.750,44.409,80403,80952,325366
2001,b) 1,363447,467990,5948341,5992211,0,0.0,119963,22.721,1437820,0,1437820,0.000,23.995,1520429,646632,873797,10.791,25.373,-82609,-1.379,47.990,80700,81041,349838
2002,b) 1,356283,467731,5675422,5865926,0,0.0,121166,22.934,1254875,0,1254875,0.000,21.393,1627203,685735,941468,11.690,27.740,-372328,-6.347,42.785,80860,81303,354399
2003,b) 1,390797,515190,6533374,6641906,0,0.0,118734,20.665,1240430,0,1240430,0.000,18.676,1451612,669380,782232,10.078,21.855,-211182,-3.180,37.352,80904,81358,375933
2004,b) 1,391158,482874,5538228,5501871,0,0.0,124707,22.872,1337951,0,1337951,0.000,24.318,1264059,599013,665046,10.887,22.975,73892,1.343,45.950,85157,85276,368701
2005,b) 1,402248,495658,5239946,5257290,0,0.0,128783,22.995,1205832,0,1205832,0.000,22.936,1227241,588776,638465,11.199,23.344,-21409,-0.407,45.873,89552,89615,374846
2006,b) 1,421384,520549,5637480,5630955,0,0.0,133050,22.663,1308978,0,1308978,0.000,23.246,1284352,591596,692756,10.506,22.809,24626,0.437,45.618,98220,98537,395208
2007,b) 1,467476,589273,6227427,6358266,0,0.0,146623,22.129,1343263,0,1343263,0.000,21.126,1593820,692683,901137,10.894,25.067,-250557,-3.941,42.252,102539,102800,416671
2008,b) 1,408046,531087,5507946,5602000,0,0.0,144469,23.945999999999998,1259760,0,1259760,0.000,22.488,1442687,702950,739737,12.548,25.753,-182927,-3.265,44.975,102855,103100,465385
2009,b) 1,372437,473338,4740400,4954896,0,0.0,138055,25.454,954140,0,954140,0.000,19.257,1375664,589501,786163,11.897,27.764,-421524,-8.507,38.513,94496,94826,371394
2010,b) 1,314393,406729,4236406,4345573,0,0.0,106893,23.229,857270,0,857270,0.000,19.727,1067750,462729,605021,10.648,24.571,-210480,-4.844,39.455,70929,71174,276055
2011,b) 1,303117,389212,4057054,4106228,0,0.0,100783,22.926,889463,0,889463,0.000,21.661,980663,439790,540873,10.710,23.882,-91200,-2.221,43.323,68130,68291,271683
2012,b) 1,325032,411821,4039655,4021347,0,0.0,97267,21.124000000000002,939426,0,939426,0.000,23.361,894882,415598,479284,10.335,22.253,44544,1.108,44.507,65111,65507,261100
2013,b) 1,333477,412826,3993674,4007395,0,0.0,101077,21.814,886173,0,886173,0.000,22.113,906368,472847,433521,11.799,22.617,-20195,-0.504,44.227,69253,69413,307514
2014,b) 1,336222,425767,4321579,4328041,0,0.0,99277,20.883000000000003,958162,0,958162,0.000,22.138,956005,421343,534662,9.735,22.089,2157,0.050,44.177,67949,68234,271836
2015,b) 1,339877,439048,4577687,4557758,0,0.0,98303,20.136,1004008,0,1004008,0.000,22.029,954734,411409,543325,9.027,20.947,49274,1.081,41.895,66903,67129,260641
2016,b) 1,347025,454341,4878881,4831354,0,0.0,97537,19.387,1043330,0,1043330,0.000,21.595,941464,410839,530625,8.504,19.487,101866,2.108,38.973,70609,70784,265611
2017,b) 1,362173,465139,4675486,4675061,0,0.0,107895,20.785999999999998,1064511,0,1064511,0.000,22.770,1062012,498977,563035,10.673,22.717,2499,0.053,45.433,76765,76966,289370
2018,b) 1,358665,445577,4558607,4567826,0,0.0,101275,20.41,945363,0,945363,0.000,20.696,956316,468871,487445,10.265,20.936,-10953,-0.240,41.392,80875,81302,327622
1978,c) 2,(S),(S),(S),(S),(S),(S),(S),(S),(S),(S),(S),(S),(S),(S),(S),0,(S),(S),0,.,(S),(S),(S),(S)
1979,c) 2,351164,425356,4832922,4887201,15763,3.477,71865,15.85,979414,111557,867857,2.283,20.040,1086706,517975,568731,10.599,22.236,-107292,-2.195,40.081,46344,47031,245608
1980,c) 2,329945,385796,4051930,4242894,13416,3.221,74841,17.969,758645,95304,663341,2.246,17.880,1137765,495591,642174,11.680,26.816,-379120,-8.935,35.761,53578,54087,281647
1981,c) 2,308115,355605,3590207,3696364,13119,3.4410000000000003,64515,16.92,689153,74368,614785,2.012,18.644,898324,379057,519267,10.255,24.303,-209171,-5.659,37.288,44249,44596,212077
1982,c) 2,288487,333040,3489578,3604958,14371,4.0,66863,18.61,695668,94430,601238,2.619,19.298,925180,380527,544653,10.556,25.664,-229512,-6.367,38.595,49163,49499,240445
1983,c) 2,276308,325146,3560378,3709222,10259,2.9589999999999996,53431,15.41,629002,53884,575118,1.453,16.958,924968,373866,551102,10.079,24.937,-295966,-7.979,33.916,37506,37832,210351
1984,c) 2,283995,330906,3636143,3623623,9318,2.6430000000000002,52652,14.934000000000001,751745,56020,695725,1.546,20.746,724028,323979,400049,8.941,19.981,27717,0.765,39.962,38966,39501,204583
1985,c) 2,305605,352636,4124438,4190802,11494,3.033,64076,16.91,878061,88389,789672,2.109,20.952,1004831,456444,548387,10.892,23.977,-126770,-3.025,41.904,48988,49357,282187
1986,c) 2,349160,397494,4473031,4565346,12384,2.908,69182,16.244,892043,74625,817418,1.635,19.539,1075260,454793,620467,9.962,23.553,-183217,-4.013,39.079,51368,51663,294269
1987,c) 2,340738,388169,4567771,4761733,14029,3.362,72312,17.328,920829,85945,834884,1.805,19.338,1305199,536220,768979,11.261,27.410,-384370,-8.072,38.676,53721,54214,319437
1988,c) 2,370374,432255,5305919,5420144,13597,2.9410000000000003,73871,15.975999999999999,1063096,104899,958197,1.935,19.614,1293945,567847,726098,10.477,23.873,-230849,-4.259,39.228,54509,55119,355673
1989,c) 2,356834,420350,5472736,5554724,12357,2.747,71235,15.837,995507,70780,924727,1.274,17.922,1159386,516160,643226,9.292,20.872,-163879,-2.950,35.844,52842,53887,329181
1990,c) 2,355424,430871,5400044,5538157,12268,2.653,75319,16.289,972863,74494,898369,1.345,17.567,1244348,543682,700666,9.817,22.469,-271485,-4.902,35.133,56086,56898,342949
1991,c) 2,342516,419053,4852211,5133021,10993,2.432,76732,16.979,778723,53805,724918,1.048,15.171,1338771,552112,786659,10.756,26.082,-560048,-10.911,30.342,56164,56877,363760
1992,c) 2,336299,399589,4406930,4553728,12505,2.92,69921,16.325,801225,61638,739587,1.354,17.595,1090096,481987,608109,10.584,23.939,-288871,-6.344,35.190,50672,51176,306388
1993,c) 2,335972,413389,4618651,4741712,11216,2.5269999999999997,72133,16.252,877439,52847,824592,1.115,18.505,1120703,519187,601516,10.949,23.635,-243264,-5.130,37.009,46400,48713,292355
1994,c) 2,323520,384399,4608164,4721275,10078,2.443,66307,16.074,823176,58346,764830,1.236,17.435,1044638,490817,553821,10.396,22.126,-221462,-4.691,34.871,47393,48343,305606
1995,c) 2,326322,382690,4428740,4485344,10482,2.557,64891,15.831,816065,55270,760795,1.232,18.194,927192,421136,506056,9.389,20.672,-111127,-2.478,36.388,48582,48957,286222
1996,c) 2,341055,410715,4832885,4961033,10714,2.4290000000000003,71365,16.180999999999997,849105,52826,796279,1.065,17.115,1105977,480506,625471,9.686,22.293,-256872,-5.178,34.231,50435,50956,294110
1997,c) 2,349173,420869,5101005,5230450,11325,2.497,76564,16.883,988384,53963,934421,1.032,18.897,1246756,587892,658864,11.240,23.836,-258372,-4.940,37.793,54152,54732,332489
1998,c) 2,352308,420208,5188807,5283749,10992,2.438,72427,16.062,976013,53560,922453,1.014,18.472,1163165,512366,650799,9.697,22.014,-187152,-3.542,36.944,49205,49651,268176
1999,c) 2,359444,448569,5964347,6112816,12516,2.602,77587,16.127,1098017,74310,1023707,1.216,17.963,1392697,626730,765967,10.253,22.783,-294680,-4.821,35.925,50475,51979,319700
2000,c) 2,340854,423458,5866544,5907792,12277,2.698,75379,16.566,1114327,62253,1052074,1.054,18.862,1190005,538300,651705,9.112,20.143,-75678,-1.281,37.724,47692,48272,263084
2001,c) 2,319086,409380,5575725,5762152,12180,2.762,75380,17.094,1002956,73702,929254,1.279,17.406,1375436,593756,781680,10.304,23.870,-372480,-6.464,34.812,46120,46970,277248
2002,c) 2,313082,403662,5441229,5726472,13452,3.091,76472,17.573,969637,69300,900337,1.210,16.933,1540104,656108,883996,11.457,26.894,-570467,-9.962,33.865,47407,48339,304525
2003,c) 2,310360,404086,5341484,5502675,13080,3.0060000000000002,75136,17.268,926359,54798,871561,0.996,16.835,1251667,556254,695413,10.109,22.747,-325308,-5.912,33.669,44242,44815,243286
2004,c) 2,343855,455056,6174027,6361574,12723,2.6239999999999997,72501,14.95,927271,48806,878465,0.767,14.576,1308374,569379,738995,8.950,20.567,-381103,-5.991,29.152,45971,46847,269301
2005,c) 2,340218,422215,5209392,5380171,13454,2.9760000000000004,73092,16.17,820917,63540,757377,1.181,15.258,1158558,473365,685193,8.798,21.534,-337641,-6.276,30.516,49362,49691,282064
2006,c) 2,348563,431951,5103523,5180113,16183,3.495,78384,16.928,915805,59505,856300,1.149,17.679,1065559,473705,591854,9.145,20.570,-149754,-2.891,35.358,55910,56185,285116
2007,c) 2,364789,451480,5332375,5496564,13597,2.804,80353,16.572,926971,49306,877665,0.897,16.865,1254766,514964,739802,9.369,22.828,-327795,-5.964,33.729,54633,54925,298908
2008,c) 2,393878,500114,5818569,6018502,10958,2.0140000000000002,98646,18.135,943631,39622,904009,0.658,15.679,1347577,558896,788681,9.286,22.391,-403946,-6.712,31.358,65723,66317,312477
2009,c) 2,337768,445649,4890793,5204991,13538,2.7760000000000002,97441,19.984,649508,46749,602759,0.898,12.479,1276011,543875,732136,10.449,24.515,-626503,-12.037,24.957,63603,64584,309733
2010,c) 2,317888,407162,4440231,4604344,14825,3.377,78565,17.895,660194,52635,607559,1.143,14.339,985887,406775,579112,8.835,21.412,-325693,-7.074,28.677,50833,51466,226176
2011,c) 2,273515,355155,4155462,4196989,12654,3.3280000000000003,62853,16.529,729843,47900,681943,1.141,17.390,810071,330995,479076,7.886,19.301,-80228,-1.912,34.779,40089,40511,182746
2012,c) 2,266838,343685,4011134,4033069,12004,3.284,55699,15.238,697894,44254,653640,1.097,17.304,742086,352456,389630,8.739,18.400,-44192,-1.096,34.609,35605,36262,180949
2013,c) 2,285391,360743,3998754,4019674,11647,3.022,60851,15.790999999999999,726271,47913,678358,1.192,18.068,765805,343655,422150,8.549,19.051,-39534,-0.984,36.136,38097,38463,179697
2014,c) 2,292667,363839,4028108,4015631,11778,3.037,59636,15.379000000000001,710180,40243,669937,1.002,17.685,684639,304390,380249,7.580,17.049,25541,0.636,34.099,40227,40587,180715
2015,c) 2,297381,373312,4272776,4294692,12210,3.0610000000000004,63355,15.883,758312,44364,713948,1.033,17.657,801242,346287,454955,8.063,18.657,-42930,-1.000,35.314,39174,39433,185717
2016,c) 2,301850,394266,4455732,4529504,12834,3.083,56985,13.687000000000001,703764,47555,656209,1.050,15.537,845227,336135,509092,7.421,18.660,-141463,-3.123,31.075,39989,40336,190651
2017,c) 2,307211,404071,4842511,4852495,12388,2.889,61725,14.397,796881,46004,750877,0.948,16.422,812179,342918,469261,7.067,16.737,-15298,-0.315,32.844,41623,41950,199046
2018,c) 2,320312,411845,4703721,4685800,13416,3.069,64019,14.645,866034,66893,799141,1.428,18.482,822899,369565,453334,7.887,17.562,43135,0.921,35.123,45383,46083,213167
1978,d) 3,0,0,0,0,0,,0,,0,0,0,.,.,0,0,0,.,.,0,.,.,0,0,0
1979,d) 3,0,0,0,0,0,,0,,0,0,0,.,.,0,0,0,.,.,0,.,.,0,0,0
1980,d) 3,306259,374570,4483088,4631938,12446,3.1310000000000002,58370,14.683,695377,90292,605085,1.949,15.013,992759,397064,595695,8.572,21.433,-297382,-6.420,30.025,37502,38284,202516
1981,d) 3,293640,345647,3821457,3925000,13716,3.7739999999999996,49233,13.548,632941,89822,543119,2.288,16.126,838314,310623,527691,7.914,21.358,-205373,-5.232,32.252,32426,32760,160691
1982,d) 3,266284,310053,3363654,3466375,13954,4.225,54382,16.465999999999998,605708,89419,516289,2.580,17.474,809826,320519,489307,9.247,23.362,-204118,-5.889,34.948,38136,38506,185232
1983,d) 3,255411,294998,3223944,3334499,10403,3.347,41989,13.51,533479,40146,493333,1.204,15.999,753673,283629,470044,8.506,22.602,-220194,-6.604,31.998,29263,29572,167577
1984,d) 3,246207,290541,3621080,3570375,9406,3.083,38568,12.64,697500,41590,655910,1.165,19.536,595925,249858,346067,6.998,16.691,101575,2.845,33.382,27633,27974,153518
1985,d) 3,250388,288699,3460061,3507922,9867,3.218,45752,14.92,627845,43907,583938,1.252,17.898,721767,338781,382986,9.658,20.575,-93922,-2.677,35.796,30283,31049,198072
1986,d) 3,268288,311157,3868442,3947592,9709,2.9560000000000004,44294,13.485999999999999,655182,52074,603108,1.319,16.597,812721,328621,484100,8.325,20.588,-157539,-3.991,33.194,32093,32404,201964
1987,d) 3,304847,347160,4125299,4260688,12627,3.452,49988,13.664000000000001,736197,70221,665976,1.648,17.279,1006645,395259,611386,9.277,23.626,-270448,-6.348,34.558,35998,36308,233703
1988,d) 3,302764,345349,4327624,4440677,11404,3.117,52421,14.328,765840,54703,711137,1.232,17.246,990459,403906,586553,9.096,22.304,-224619,-5.058,34.492,38241,38743,241772
1989,d) 3,328179,384199,5096717,5179506,11634,2.872,53275,13.154000000000002,850898,58776,792122,1.135,16.428,1015222,416178,599044,8.035,19.601,-164324,-3.173,32.856,38732,39464,260509
1990,d) 3,314891,371784,5248070,5336183,11629,2.9610000000000003,53478,13.618,798660,56158,742502,1.052,14.967,977588,386784,590804,7.248,18.320,-178928,-3.353,29.934,39363,40364,255281
1991,d) 3,309029,376299,4816039,5077921,9877,2.4659999999999997,58311,14.559000000000001,651981,49124,602857,0.967,12.840,1172710,456818,715892,8.996,23.094,-520729,-10.255,25.679,41077,42048,285488
1992,d) 3,300792,369428,4496271,4636098,11135,2.852,53261,13.639000000000001,720185,64270,655915,1.386,15.534,999906,418750,581156,9.032,21.568,-279721,-6.034,31.069,37414,37943,250573
1993,d) 3,299866,355148,4226691,4310120,11422,3.033,54340,14.429,737119,47340,689779,1.098,17.102,906182,398452,507730,9.245,21.025,-169063,-3.922,34.204,36203,37053,221306
1994,d) 3,299972,370578,4395902,4508297,9689,2.474,51838,13.235999999999999,709647,41950,667697,0.931,15.741,933629,404437,529192,8.971,20.709,-223982,-4.968,31.482,34890,35712,231571
1995,d) 3,288716,343570,4448200,4522127,9392,2.585,48830,13.440999999999999,697656,43504,654152,0.962,15.428,845195,361268,483927,7.989,18.690,-147539,-3.263,30.855,34244,35289,229141
1996,d) 3,290211,340872,4192850,4295906,9436,2.614,49643,13.752,673091,41611,631480,0.969,15.668,878886,376157,502729,8.756,20.459,-205795,-4.790,31.336,35667,36023,225932
1997,d) 3,301617,362776,4588849,4718674,10200,2.642,56782,14.708,790473,46614,743859,0.988,16.752,1050852,481511,569341,10.204,22.270,-260379,-5.518,33.504,38605,39141,265388
1998,d) 3,311267,374728,4942493,5032321,10080,2.537,55182,13.89,850060,48956,801104,0.973,16.892,1028801,434473,594328,8.634,20.444,-178741,-3.552,33.784,35835,36305,208845
1999,d) 3,313922,374741,4983643,5089316,11102,2.799,54886,13.838,824821,53262,771559,1.047,16.207,1034681,446059,588622,8.765,20.330,-209860,-4.124,32.414,36811,37510,235549
2000,d) 3,320052,398239,5711701,5839407,10925,2.585,59779,14.142999999999999,973182,56299,916883,0.964,16.666,1229131,568205,660926,9.731,21.049,-255949,-4.383,33.332,37339,38924,243562
2001,d) 3,303098,376278,5527021,5703904,11412,2.861,56579,14.185,860603,57096,803507,1.001,15.088,1218630,522163,696467,9.154,21.365,-358027,-6.277,30.176,35967,36582,236700
2002,d) 3,283063,361559,4992967,5290480,11969,3.109,58711,15.252,787471,59920,727551,1.133,14.885,1380994,542578,838416,10.256,26.103,-593523,-11.219,29.769,35140,36011,248363
2003,d) 3,278952,358522,5109610,5268619,11927,3.135,55882,14.686,780907,59399,721508,1.127,14.822,1100707,469201,631506,8.906,20.892,-319800,-6.070,29.644,34084,34812,211082
2004,d) 3,278317,360552,5062353,5184702,11071,2.8989999999999996,53656,14.052,777327,43308,734019,0.835,14.993,1021988,439389,582599,8.475,19.712,-244661,-4.719,29.985,32225,33052,187251
2005,d) 3,309051,408919,5874595,6020694,11673,2.705,56816,13.167,789988,47342,742646,0.786,13.121,1082123,448270,633853,7.445,17.973,-292135,-4.852,26.242,35018,36062,222008
2006,d) 3,302010,376255,5053929,5123002,12701,3.1860000000000004,57422,14.405,759074,46107,712967,0.900,14.817,899034,369021,530013,7.203,17.549,-139960,-2.732,29.634,40187,40484,215834
2007,d) 3,309431,383337,4809640,4951324,12281,3.0180000000000002,59489,14.619000000000002,773432,48394,725038,0.977,15.621,1055446,427731,627715,8.639,21.316,-282014,-5.696,31.241,39392,39612,235119
2008,d) 3,316416,392776,4970035,5145592,8267,1.9609999999999999,65932,15.638,720117,29466,690651,0.573,13.995,1073495,438988,634507,8.531,20.862,-353378,-6.868,27.990,44492,45019,233375
2009,d) 3,342183,436076,5147621,5488650,12929,2.7560000000000002,78880,16.817,607987,43758,564229,0.797,11.077,1289293,478748,810545,8.723,23.490,-681306,-12.413,22.154,50515,51384,258244
2010,d) 3,297007,392783,4549448,4717691,14577,3.484,65909,15.751,574371,49119,525252,1.041,12.175,909269,364795,544474,7.732,19.274,-334898,-7.099,24.350,40164,41002,193678
2011,d) 3,284082,364817,4340403,4385959,14345,3.722,55555,14.414000000000001,624717,46874,577843,1.069,14.244,713670,290392,423278,6.621,16.272,-88953,-2.028,28.487,35357,35757,161985
2012,d) 3,248000,320882,4089984,4117811,11326,3.3569999999999998,44346,13.144,646496,41896,604600,1.017,15.700,703696,295246,408450,7.170,17.089,-57200,-1.389,31.400,27233,27685,146689
2013,d) 3,240782,309578,3950496,3979700,9945,3.051,42757,13.116,599675,38020,561655,0.955,15.068,657316,264600,392716,6.649,16.517,-57641,-1.448,30.137,26541,26834,143095
2014,d) 3,257007,324141,3954491,3974616,10151,2.969,45728,13.374,627495,38979,588516,0.981,15.788,667412,280996,386416,7.070,16.792,-39917,-1.004,31.575,29091,29512,151160
2015,d) 3,264843,328857,3958658,3990935,10938,3.162,45082,13.032,596393,54257,542136,1.360,14.944,661900,286900,375000,7.189,16.585,-65507,-1.641,29.887,29524,30008,170442
2016,d) 3,270114,339990,4201707,4236340,10760,3.0189999999999997,43505,12.208,591999,41835,550164,0.988,13.974,657938,249912,408026,5.899,15.531,-65939,-1.557,27.949,30021,30290,157937
2017,d) 3,273091,357245,4432847,4446727,10874,2.897,47122,12.554,696893,43467,653426,0.978,15.672,722162,302669,419493,6.807,16.240,-25269,-0.568,31.344,31284,31871,172643
2018,d) 3,278172,367513,4765034,4799939,11090,2.883,45299,11.777999999999999,647216,44674,602542,0.931,13.484,716924,287538,429386,5.990,14.936,-69708,-1.452,26.968,32535,33361,167697
1978,e) 4,0,0,0,0,0,,0,,0,0,0,.,.,0,0,0,.,.,0,.,.,0,0,0
1979,e) 4,0,0,0,0,0,,0,,0,0,0,.,.,0,0,0,.,.,0,.,.,0,0,0
1980,e) 4,0,0,0,0,0,,0,,0,0,0,.,.,0,0,0,.,.,0,.,.,0,0,0
1981,e) 4,275548,338332,4221680,4347695,9906,2.7939999999999996,42208,11.907,587523,57202,530321,1.316,13.513,837840,290579,547261,6.684,19.271,-250317,-5.757,27.027,25187,26037,130409
1982,e) 4,262505,311908,3637228,3721084,13881,4.248,43656,13.359000000000002,637216,104225,532991,2.801,17.124,804238,284003,520235,7.632,21.613,-167022,-4.489,34.249,29959,30259,152386
1983,e) 4,240427,279584,3101129,3214246,10315,3.533,35061,12.009,482611,42124,440487,1.311,15.015,708489,247699,460790,7.706,22.042,-225878,-7.027,30.029,23642,23914,135954
1984,e) 4,231824,267603,3226232,3211212,8844,3.1660000000000004,32361,11.584000000000001,562209,32593,529616,1.015,17.508,532556,217307,315249,6.767,16.584,29653,0.923,33.169,22743,23086,123520
1985,e) 4,221020,261240,3524951,3540532,8346,3.052,32795,11.992,591947,35931,556016,1.015,16.719,623959,253060,370899,7.148,17.623,-32012,-0.904,33.438,23074,23374,149145
1986,e) 4,224955,259331,3304569,3361862,6978,2.568,31733,11.679,538653,36680,501973,1.091,16.022,653450,245283,408167,7.296,19.437,-114797,-3.415,32.045,21883,22298,139234
1987,e) 4,238125,276016,3492656,3635350,9358,3.239,35129,12.16,584708,61408,523300,1.689,16.084,872203,293260,578943,8.067,23.992,-287495,-7.908,32.168,25016,25250,170022
1988,e) 4,278442,317359,3933662,4023938,10033,3.0269999999999997,38210,11.527999999999999,620271,46620,573651,1.159,15.415,799871,294932,504939,7.329,19.878,-179600,-4.463,30.829,27522,27818,173927
1989,e) 4,271850,311042,4151622,4219356,10067,3.091,39264,12.057,668476,63595,604881,1.507,15.843,800179,308834,491345,7.319,18.964,-131703,-3.121,31.686,28745,29186,187433
1990,e) 4,295950,346808,4862909,4961345,9993,2.753,42373,11.673,695744,44453,651291,0.896,14.023,891987,328918,563069,6.630,17.979,-196243,-3.955,28.047,30838,31380,208866
1991,e) 4,279128,330193,4731529,4963563,8705,2.499,45068,12.937000000000001,557054,41123,515931,0.828,11.223,1020926,393731,627195,7.932,20.568,-463872,-9.346,22.446,31663,32693,259599
1992,e) 4,276895,336882,4485373,4620418,9902,2.7969999999999997,44071,12.450999999999999,668698,56972,611726,1.233,14.473,937432,371740,565692,8.046,20.289,-268734,-5.816,28.945,29137,29745,210231
1993,e) 4,272766,334349,4311705,4401538,10162,2.8930000000000002,44090,12.55,673720,45979,627741,1.045,15.306,853023,344447,508576,7.826,19.380,-179303,-4.074,30.613,28666,29176,180259
1994,e) 4,271568,321610,4065303,4145162,9575,2.8339999999999996,42153,12.475,632967,37974,594993,0.916,15.270,790740,326288,464452,7.872,19.076,-157773,-3.806,30.540,28732,29255,195830
1995,e) 4,272913,337621,4258058,4323555,8490,2.401,40419,11.431,629446,37458,591988,0.866,14.559,760611,295913,464698,6.844,17.592,-131165,-3.034,29.117,27189,28278,179845
1996,e) 4,259916,309842,4213892,4341819,7826,2.4019999999999997,39656,12.173,574646,31179,543467,0.718,13.235,828954,326543,502411,7.521,19.092,-254308,-5.857,26.470,27558,28350,182992
1997,e) 4,261684,306636,3983749,4093704,8471,2.62,41723,12.907,615308,38575,576733,0.942,15.031,835735,344655,491080,8.419,20.415,-220427,-5.385,30.061,28787,29158,197437
1998,e) 4,273346,328241,4433069,4516935,8554,2.478,42340,12.267999999999999,714317,41426,672891,0.917,15.814,880390,353586,526804,7.828,19.491,-166073,-3.677,31.628,27130,27719,175064
1999,e) 4,282006,338973,4750926,4859324,9813,2.755,44184,12.405999999999999,750974,45422,705552,0.935,15.454,968159,402937,565222,8.292,19.924,-217185,-4.469,30.909,28820,29658,201212
2000,e) 4,283539,337577,4799931,4890420,8547,2.405,44278,12.457,735701,48463,687238,0.991,15.044,916603,388072,528531,7.935,18.743,-180902,-3.699,30.087,28443,29105,186563
2001,e) 4,289824,360103,5378081,5549739,10660,2.815,47845,12.634,790788,63021,727767,1.136,14.249,1129587,426470,703117,7.685,20.354,-338799,-6.105,28.498,30032,31059,210701
2002,e) 4,273510,337770,4956187,5249590,11464,3.214,49314,13.825,689433,59880,629553,1.141,13.133,1279209,477536,801673,9.097,24.368,-589776,-11.235,26.266,29706,30389,230782
2003,e) 4,256492,326256,4755778,4874205,10376,3.0210000000000004,44775,13.037,720984,42785,678199,0.878,14.792,955784,379152,576632,7.779,19.609,-234800,-4.817,29.584,27326,27980,170067
2004,e) 4,253620,324552,4862771,4985244,10327,3.0269999999999997,43499,12.751,647201,47369,599832,0.950,12.982,892501,369686,522815,7.416,17.903,-245300,-4.921,25.965,26200,26867,165146
2005,e) 4,253084,327147,4894420,4981848,10309,3.0010000000000003,43121,12.550999999999998,694784,42770,652014,0.859,13.946,865624,341610,524014,6.857,17.376,-170840,-3.429,27.893,26428,27071,151777
2006,e) 4,279984,371621,5717334,5786196,11218,2.878,47559,12.200999999999999,776061,46609,729452,0.806,13.412,916524,358647,557877,6.198,15.840,-140463,-2.428,26.825,31154,32042,195655
2007,e) 4,273672,340668,4800097,4936360,10354,2.8930000000000002,44896,12.543,644586,41239,603347,0.835,13.058,914023,340286,573737,6.893,18.516,-269437,-5.458,26.116,29196,29540,176066
2008,e) 4,273345,338519,4460198,4630232,7830,2.1719999999999997,51828,14.376,596195,28539,567656,0.616,12.876,937333,353846,583487,7.642,20.244,-341138,-7.368,25.752,34046,34417,182737
2009,e) 4,278650,345752,4354393,4668728,9363,2.531,57779,15.618,472665,34721,437944,0.744,10.124,1102400,388919,713481,8.330,23.612,-629735,-13.488,20.248,36893,37352,206787
2010,e) 4,307118,391894,4775435,4962302,13948,3.373,57195,13.831,569027,60718,508309,1.224,11.467,943342,349252,594090,7.038,19.010,-374315,-7.543,22.934,35384,36015,183010
2011,e) 4,268887,356670,4434484,4493524,13313,3.557,48541,12.969000000000001,590397,42686,547711,0.950,13.139,708026,280277,427749,6.237,15.757,-117629,-2.618,26.278,30242,30855,147389
2012,e) 4,261401,334506,4298554,4313967,12307,3.525,41490,11.885,630290,51071,579219,1.184,14.610,660071,271194,388877,6.286,15.301,-29781,-0.690,29.221,25006,25425,137917
2013,e) 4,227275,292548,3998058,4043320,8943,2.92,36411,11.888,535175,37707,497468,0.933,13.236,623171,251117,372054,6.211,15.412,-87996,-2.176,26.472,21755,21978,125883
2014,e) 4,220314,283464,3863969,3901514,8358,2.822,33707,11.382,540822,35328,505494,0.905,13.862,615152,227205,387947,5.824,15.767,-74330,-1.905,27.724,21643,22022,117471
2015,e) 4,235761,295983,3849919,3900322,9031,2.9160000000000004,36429,11.763,547217,34682,512535,0.889,14.030,648456,240384,408072,6.163,16.626,-101239,-2.596,28.060,22956,23350,139062
2016,e) 4,243403,303069,3877292,3916424,9459,2.9960000000000004,34683,10.987,517473,34830,482643,0.889,13.213,596339,238376,357963,6.087,15.227,-78866,-2.014,26.426,24013,24366,139488
2017,e) 4,247645,310373,4042626,4105097,9148,2.8160000000000003,38112,11.732000000000001,552677,37823,514854,0.921,13.463,675116,285214,389902,6.948,16.446,-122439,-2.983,26.926,24673,24924,147840
2018,e) 4,249327,325179,4336364,4385562,9233,2.716,38752,11.4,551436,42636,508800,0.972,12.574,650437,262775,387662,5.992,14.831,-99001,-2.257,25.148,25981,26519,151125
1978,f) 5,0,0,0,0,0,,0,,0,0,0,.,.,0,0,0,.,.,0,.,.,0,0,0
1979,f) 5,0,0,0,0,0,,0,,0,0,0,.,.,0,0,0,.,.,0,.,.,0,0,0
1980,f) 5,0,0,0,0,0,,0,,0,0,0,.,.,0,0,0,.,.,0,.,.,0,0,0
1981,f) 5,0,0,0,0,0,,0,,0,0,0,.,.,0,0,0,.,.,0,.,.,0,0,0
1982,f) 5,247024,304211,3994874,4104767,12691,3.9730000000000003,43197,13.522,630611,107489,523122,2.619,15.363,848151,305852,542299,7.451,20.663,-217540,-5.300,30.726,24907,25632,132106
1983,f) 5,240406,284908,3370830,3482629,9288,3.139,31330,10.587,518899,41440,477459,1.190,14.900,741430,228868,512562,6.572,21.289,-222531,-6.390,29.799,19887,20217,118617
1984,f) 5,220456,256489,3130264,3102219,9067,3.409,28043,10.543,545337,36386,508951,1.173,17.579,488206,191922,296284,6.187,15.737,57131,1.842,31.475,19429,19640,102107
1985,f) 5,210077,242639,3144983,3168727,7907,3.125,28668,11.33,510833,31275,479558,0.987,16.121,557019,219844,337175,6.938,17.579,-46186,-1.458,32.242,20377,20691,128367
1986,f) 5,200106,236660,3358048,3421997,6452,2.612,27178,11.002,511172,32089,479083,0.938,14.938,637193,234492,402701,6.852,18.621,-126021,-3.683,29.876,18198,18460,121814
1987,f) 5,201724,231994,3097714,3192078,7309,3.013,28427,11.72,493772,42880,450892,1.343,15.469,683228,250931,432297,7.861,21.404,-189456,-5.935,30.937,18621,19013,128709
1988,f) 5,218814,253481,3332975,3412633,7768,2.9389999999999996,29410,11.127,522104,42088,480016,1.233,15.299,683689,254317,429372,7.452,20.034,-161585,-4.735,30.598,19992,20258,138678
1989,f) 5,255102,291034,3826608,3864210,8969,2.972,30517,10.111,590623,50079,540544,1.296,15.284,666595,244770,421825,6.334,17.250,-75972,-1.966,30.569,22071,22467,144158
1990,f) 5,247539,283205,4000028,4059343,8658,2.935,32302,10.949000000000002,564714,42333,522381,1.043,13.911,684325,244667,439658,6.027,16.858,-119611,-2.947,27.823,23748,24038,156008
1991,f) 5,266417,312394,4406107,4621728,7800,2.3819999999999997,37863,11.564,515712,35188,480524,0.761,11.158,947859,329154,618705,7.122,20.509,-432147,-9.350,22.317,26190,26769,200514
1992,f) 5,251612,296931,4453888,4575976,8311,2.6689999999999996,37247,11.960999999999999,618917,45261,573656,0.989,13.525,860397,319801,540596,6.989,18.802,-241480,-5.277,27.051,23839,24545,194177
1993,f) 5,253879,307118,4291905,4379278,8641,2.688,37395,11.632,620525,47105,573420,1.076,14.170,795904,318353,477551,7.270,18.174,-175379,-4.005,28.339,23678,24293,154773
1994,f) 5,249286,305404,4128992,4218526,8123,2.542,36355,11.378,583872,41941,541931,0.994,13.841,762869,299283,463586,7.094,18.084,-178997,-4.243,27.681,23994,24515,166949
1995,f) 5,249273,295164,3969943,4012771,8335,2.707,33794,10.975999999999999,575046,44416,530630,1.107,14.330,660817,251288,409529,6.262,16.468,-85771,-2.137,28.661,23190,23794,149363
1996,f) 5,248644,308020,4001608,4110898,7207,2.239,35053,10.888,533365,36731,496634,0.894,12.974,751262,291806,459456,7.098,18.275,-217897,-5.300,25.949,22945,23856,163948
1997,f) 5,235049,279106,4074437,4151874,7529,2.56,37467,12.741,628484,40038,588446,0.964,15.137,782885,331400,451485,7.982,18.856,-154401,-3.719,30.275,23535,24451,175263
1998,f) 5,239674,280158,3866521,3938422,7102,2.423,32998,11.258,572385,34107,538278,0.866,14.533,716490,286437,430053,7.273,18.192,-144105,-3.659,29.067,21514,21966,144038
1999,f) 5,250460,300112,4233556,4330761,8322,2.654,35310,11.259,616612,37679,578933,0.870,14.238,806296,310811,495485,7.177,18.618,-189684,-4.380,28.476,22771,23381,156397
2000,f) 5,257100,307424,4620340,4679856,7400,2.294,37814,11.720999999999998,713747,38603,675144,0.825,15.251,832259,350609,481650,7.492,17.784,-118512,-2.532,30.503,23409,24279,158789
2001,f) 5,259334,308077,4571856,4688398,8806,2.73,37667,11.679,642636,49186,593450,1.049,13.707,873444,334988,538456,7.145,18.630,-230808,-4.923,27.414,24338,24866,167756
2002,f) 5,262127,324570,4860433,5124686,9819,2.8710000000000004,44580,13.037,653889,60016,593873,1.171,12.760,1183952,445559,738393,8.694,23.103,-530063,-10.343,25.519,26159,27197,211728
2003,f) 5,249975,307361,4617435,4783627,9345,2.9010000000000002,38921,12.082,612901,43686,569215,0.913,12.812,946805,365120,581685,7.633,19.793,-333904,-6.980,25.625,24090,24344,150694
2004,f) 5,234420,297055,4457054,4587896,8772,2.818,37213,11.955,587902,37102,550800,0.809,12.814,850661,333003,517658,7.258,18.541,-262759,-5.727,25.628,22493,23087,149096
2005,f) 5,232520,296105,4595040,4726732,9127,2.944,36949,11.918,581422,39377,542045,0.833,12.301,842019,332769,509250,7.040,17.814,-260597,-5.513,24.601,22314,23015,144348
2006,f) 5,230311,298167,4781791,4838752,9527,3.051,37766,12.093,631397,39963,591434,0.826,13.049,745406,292329,453077,6.041,15.405,-114009,-2.356,26.098,24797,25248,142725
2007,f) 5,255670,337954,5382493,5548531,9172,2.589,41839,11.809000000000001,684366,43025,641341,0.775,12.334,1014463,362033,652430,6.525,18.283,-330097,-5.949,24.668,23175,24045,160819
2008,f) 5,246402,307567,4505329,4649099,6846,2.115,39226,12.116,549349,26891,522458,0.578,11.816,842602,304213,538389,6.543,18.124,-293253,-6.308,23.632,25896,26182,159029
2009,f) 5,242870,300842,4011207,4240765,8228,2.571,46610,14.564,420807,32013,388794,0.755,9.923,879962,295109,584853,6.959,20.750,-459155,-10.827,19.846,29268,29828,165866
2010,f) 5,251675,311903,4014851,4182872,10296,3.135,43420,13.219000000000001,446794,36940,409854,0.883,10.682,780067,284982,495085,6.813,18.649,-333273,-7.968,21.363,27012,27419,147455
2011,f) 5,280444,358403,4672627,4722746,12879,3.437,45541,12.152999999999999,608718,43653,565065,0.924,12.889,707685,255949,451736,5.419,14.985,-98967,-2.096,25.778,28448,29144,138014
2012,f) 5,248089,327824,4336121,4383932,11883,3.477,39842,11.655999999999999,604287,46541,557746,1.062,13.784,699249,269199,430050,6.141,15.950,-94962,-2.166,27.568,22504,23510,131475
2013,f) 5,242111,308735,4197089,4246920,9957,3.1,34883,10.86,545156,37826,507330,0.891,12.837,644768,247678,397090,5.832,15.182,-99612,-2.346,25.673,20882,21100,111167
2014,f) 5,209936,270418,3958343,3977096,7634,2.715,29202,10.385,520722,28060,492662,0.706,13.093,558098,191173,366925,4.807,14.033,-37376,-0.940,26.186,18527,18734,100358
2015,f) 5,203947,261435,3794769,3829839,7538,2.77,28996,10.654000000000002,489003,33454,455549,0.874,12.768,559569,206801,352768,5.400,14.611,-70566,-1.843,25.536,17826,18300,113226
2016,f) 5,218309,274458,3731125,3793067,8238,2.891,29206,10.25,486699,50292,436407,1.326,12.831,612312,198819,413493,5.242,16.143,-125613,-3.312,25.663,19553,19961,117702
2017,f) 5,223599,278441,3793020,3831160,8382,2.886,32279,11.116,525738,36004,489734,0.940,13.723,604263,254223,350040,6.636,15.772,-78525,-2.050,27.445,21194,21650,144846
2018,f) 5,228639,287283,3985247,4011179,8045,2.699,29595,9.929,506008,38111,467897,0.950,12.615,557362,200387,356975,4.996,13.895,-51354,-1.280,25.230,21759,22171,125893
1978,g) 6 to 10,0,0,0,0,0,,0,,0,0,0,.,.,0,0,0,.,.,0,.,.,0,0,0
1979,g) 6 to 10,0,0,0,0,0,,0,,0,0,0,.,.,0,0,0,.,.,0,.,.,0,0,0
1980,g) 6 to 10,0,0,0,0,0,,0,,0,0,0,.,.,0,0,0,.,.,0,.,.,0,0,0
1981,g) 6 to 10,0,0,0,0,0,,0,,0,0,0,.,.,0,0,0,.,.,0,.,.,0,0,0
1982,g) 6 to 10,0,0,0,0,0,,0,,0,0,0,.,.,0,0,0,.,.,0,.,.,0,0,0
1983,g) 6 to 10,228001,279956,3662549,3811222,8358,2.8810000000000002,28602,9.86,473414,34390,439024,0.902,12.422,771836,234311,537525,6.148,20.252,-298422,-7.830,24.843,17149,17636,107841
1984,g) 6 to 10,428047,526264,7062962,7021599,16801,3.0989999999999998,48689,8.98,1107523,76808,1030715,1.094,15.773,1022873,345560,677313,4.921,14.568,84650,1.206,29.135,31762,32464,177951
1985,g) 6 to 10,584742,718682,9997483,10053348,22306,2.9939999999999998,75010,10.068,1516171,109345,1406826,1.088,15.081,1627231,619388,1007843,6.161,16.186,-111060,-1.105,30.163,50173,51513,345892
1986,g) 6 to 10,721749,885605,12572696,12781658,23869,2.603,86733,9.458,1752087,121463,1630624,0.950,13.708,2170881,684987,1485894,5.359,16.984,-418794,-3.277,27.416,56198,57672,352490
1987,g) 6 to 10,830520,1020102,15056649,15365351,30776,2.906,108970,10.288,2154735,174906,1979829,1.138,14.023,2774340,976506,1797834,6.355,18.056,-619605,-4.032,28.047,65405,67211,449436
1988,g) 6 to 10,810083,976720,14309173,14599174,26899,2.662,94686,9.369,2010304,152935,1857369,1.048,13.770,2588596,879509,1709087,6.024,17.731,-578292,-3.961,27.540,61759,63463,422181
1989,g) 6 to 10,803520,965094,14361084,14516975,25917,2.6,89154,8.945,1965730,163583,1802147,1.127,13.541,2282364,787007,1495357,5.421,15.722,-316634,-2.181,27.082,60754,62303,413760
1990,g) 6 to 10,846849,1010753,15134051,15317678,26768,2.57,88562,8.502,1959623,170192,1789431,1.111,12.793,2321750,720085,1601665,4.701,15.157,-362127,-2.364,25.586,62258,63885,415972
1991,g) 6 to 10,877097,1043020,15290146,15920621,25726,2.381,100550,9.306000000000001,1703135,168942,1534193,1.061,10.698,2965669,947408,2018261,5.951,18.628,-1262534,-7.930,21.395,69026,70818,555977
1992,g) 6 to 10,924047,1099735,16184178,16561678,27581,2.419,108349,9.503,2036429,189291,1847138,1.143,12.296,2790096,942482,1847614,5.691,16.847,-753667,-4.551,24.592,67439,69566,458786
1993,g) 6 to 10,960884,1148551,17373597,17698272,29412,2.472,111846,9.401,2182205,166810,2015395,0.943,12.330,2840010,999548,1840462,5.648,16.047,-657805,-3.717,24.660,71168,72965,472075
1994,g) 6 to 10,990781,1197021,18436848,18731380,29293,2.365,112582,9.089,2226250,135374,2090876,0.723,11.885,2812843,998643,1814200,5.331,15.017,-586593,-3.132,23.770,74654,76915,557950
1995,g) 6 to 10,983493,1208859,19106629,19316262,29137,2.329,113043,9.038,2339538,136191,2203347,0.705,12.112,2759234,1001654,1757580,5.186,14.285,-419696,-2.173,24.224,74342,76934,536926
1996,g) 6 to 10,975797,1210497,18907490,19321364,27019,2.1519999999999997,117331,9.344,2196987,113137,2083850,0.586,11.371,3026825,1054985,1971840,5.460,15.666,-829838,-4.295,22.742,76805,79902,565855
1997,g) 6 to 10,956182,1197259,18549701,18925675,29019,2.323,133305,10.67,2527163,159028,2368135,0.840,13.353,3269961,1257643,2012318,6.645,17.278,-742798,-3.925,26.706,78311,82216,599087
1998,g) 6 to 10,943599,1182347,18467215,18775044,25947,2.114,115708,9.427999999999999,2393061,119144,2273917,0.635,12.746,3006376,1073634,1932742,5.718,16.013,-613315,-3.267,25.492,69565,72933,503665
1999,g) 6 to 10,938504,1162587,18019541,18383837,26443,2.193,112616,9.341000000000001,2259600,135512,2124088,0.737,12.291,2988745,1133785,1854960,6.167,16.257,-729145,-3.966,24.582,70531,73581,541596
2000,g) 6 to 10,940683,1160814,18178187,18456616,24316,2.016,114662,9.508,2391670,122626,2269044,0.664,12.958,2944926,1138530,1806396,6.169,15.956,-553256,-2.998,25.917,70532,73773,511750
2001,g) 6 to 10,952599,1176473,18446636,18955556,28881,2.365,117902,9.656,2237365,144541,2092824,0.763,11.803,3259726,1139513,2120213,6.011,17.197,-1022361,-5.393,23.606,71945,75584,547551
2002,g) 6 to 10,958743,1169150,17807165,18790713,32428,2.657,134645,11.034,2173642,186596,1987046,0.993,11.568,4145850,1439894,2705956,7.663,22.063,-1972208,-10.496,23.135,77682,81119,679153
2003,g) 6 to 10,977983,1204157,18597792,19013703,32536,2.5980000000000003,128559,10.267000000000001,2429356,167028,2262328,0.878,12.777,3260628,1146385,2114243,6.029,17.149,-831272,-4.372,25.554,78350,80689,529801
2004,g) 6 to 10,987628,1228864,19444429,19859162,30784,2.417,120695,9.475,2375305,138521,2236784,0.698,11.961,3214192,1169438,2044754,5.889,16.185,-838887,-4.224,23.922,77418,79618,541181
2005,g) 6 to 10,974613,1229153,19758500,20188230,32667,2.563,123217,9.668,2275247,155382,2119865,0.770,11.270,3135220,1020674,2114546,5.056,15.530,-859973,-4.260,22.540,78514,80510,528569
2006,g) 6 to 10,949227,1216103,20252843,20591085,35267,2.79,131277,10.385,2412172,151017,2261155,0.733,11.715,3089407,1120933,1968474,5.444,15.004,-677235,-3.289,23.429,87115,89049,569743
2007,g) 6 to 10,927712,1208116,20517108,21017608,32417,2.5839999999999996,125561,10.007,2439473,160950,2278523,0.766,11.607,3444798,1162231,2282567,5.530,16.390,-1005325,-4.783,23.214,74000,75978,498902
2008,g) 6 to 10,916529,1214895,20648110,21285314,25138,1.983,130450,10.290999999999999,2198118,106457,2091661,0.500,10.327,3488493,1145620,2342873,5.382,16.389,-1290375,-6.062,20.654,78847,81134,503796
2009,g) 6 to 10,903384,1202068,19465432,20495939,27012,2.146,139983,11.123,1709127,115908,1593219,0.566,8.339,3780248,1102815,2677433,5.381,18.444,-2071121,-10.105,16.678,84464,86951,558730
2010,g) 6 to 10,913092,1206426,18903793,19523458,34372,2.741,129238,10.307,1814861,143109,1671752,0.733,9.296,3050238,925224,2125014,4.739,15.623,-1235377,-6.328,18.592,76783,79506,440658
2011,g) 6 to 10,935168,1227576,18959116,19222478,36605,2.8760000000000003,127329,10.003,2096368,147942,1948426,0.770,10.906,2624407,913541,1710866,4.752,13.653,-528039,-2.747,21.812,77486,80380,426821
2012,g) 6 to 10,989554,1295246,19711626,19911758,41033,3.0639999999999996,128595,9.604,2314174,162366,2151808,0.815,11.622,2709020,991951,1717069,4.982,13.605,-394846,-1.983,23.244,72826,75531,471554
2013,g) 6 to 10,991014,1298925,19505827,19740171,38002,2.83,126157,9.394,2177138,140157,2036981,0.710,11.029,2643670,955267,1688403,4.839,13.392,-466532,-2.363,22.058,73528,74983,413733
2014,g) 6 to 10,1000534,1313655,19582046,19824224,37142,2.7430000000000003,118271,8.734,2133307,134514,1998793,0.679,10.761,2623581,883920,1739661,4.459,13.234,-490274,-2.473,21.522,73714,75219,418925
2015,g) 6 to 10,976087,1291523,19763406,19934988,35260,2.647,116035,8.712,2216440,138226,2078214,0.693,11.118,2559422,863347,1696075,4.331,12.839,-342982,-1.721,22.237,71668,73887,440103
2016,g) 6 to 10,939011,1253275,19619566,19792711,32967,2.555,106989,8.292,2141244,143676,1997568,0.726,10.818,2491018,829060,1661958,4.189,12.586,-349774,-1.767,21.637,69293,71460,439560
2017,g) 6 to 10,886887,1179837,18522302,18775581,29113,2.386,109830,9.001,2115955,138614,1977341,0.738,11.270,2623524,929934,1693590,4.953,13.973,-507569,-2.703,22.539,68611,70719,445650
2018,g) 6 to 10,869057,1143662,18206304,18333266,28704,2.432,101596,8.609,2102163,176066,1926097,0.960,11.466,2353116,774098,1579018,4.222,12.835,-250953,-1.369,22.933,71468,74320,446539
1978,h) 11 to 15,0,0,0,0,0,,0,,0,0,0,.,.,0,0,0,.,.,0,.,.,0,0,0
1979,h) 11 to 15,0,0,0,0,0,,0,,0,0,0,.,.,0,0,0,.,.,0,.,.,0,0,0
1980,h) 11 to 15,0,0,0,0,0,,0,,0,0,0,.,.,0,0,0,.,.,0,.,.,0,0,0
1981,h) 11 to 15,0,0,0,0,0,,0,,0,0,0,.,.,0,0,0,.,.,0,.,.,0,0,0
1982,h) 11 to 15,0,0,0,0,0,,0,,0,0,0,.,.,0,0,0,.,.,0,.,.,0,0,0
1983,h) 11 to 15,0,0,0,0,0,,0,,0,0,0,.,.,0,0,0,.,.,0,.,.,0,0,0
1984,h) 11 to 15,0,0,0,0,0,,0,,0,0,0,.,.,0,0,0,.,.,0,.,.,0,0,0
1985,h) 11 to 15,0,0,0,0,0,,0,,0,0,0,.,.,0,0,0,.,.,0,.,.,0,0,0
1986,h) 11 to 15,0,0,0,0,0,,0,,0,0,0,.,.,0,0,0,.,.,0,.,.,0,0,0
1987,h) 11 to 15,0,0,0,0,0,,0,,0,0,0,.,.,0,0,0,.,.,0,.,.,0,0,0
1988,h) 11 to 15,156820,192782,3143204,3210010,4359,2.195,15930,8.022,394226,27096,367130,0.844,12.281,530318,173933,356385,5.418,16.521,-136092,-4.240,24.562,9645,9960,63537
1989,h) 11 to 15,294501,360994,5853776,5930674,7772,2.094,27945,7.531000000000001,707522,42169,665353,0.711,11.930,861512,272736,588776,4.599,14.526,-153990,-2.597,23.860,18288,18820,131029
1990,h) 11 to 15,410820,501306,8210023,8329442,10440,2.0269999999999997,37701,7.321000000000001,916011,56640,859371,0.680,10.997,1154763,328106,826657,3.939,13.864,-238752,-2.866,21.995,25218,25917,168857
1991,h) 11 to 15,507017,618712,9902440,10294975,11724,1.8359999999999999,51213,8.021,971910,68290,903620,0.663,9.441,1755110,519784,1235326,5.049,17.048,-783200,-7.608,18.881,33941,34884,295779
1992,h) 11 to 15,594138,727316,11971808,12223671,14629,1.9509999999999998,59721,7.9639999999999995,1331828,109274,1222554,0.894,10.895,1835013,520976,1314037,4.262,15.012,-503185,-4.116,21.791,34543,35633,232165
1993,h) 11 to 15,582038,697409,11502670,11681323,13025,1.814,54248,7.555,1284260,68737,1215523,0.588,10.994,1643918,484448,1159470,4.147,14.073,-359658,-3.079,21.988,34065,34700,217511
1994,h) 11 to 15,580221,691368,11483333,11688940,12102,1.7,53118,7.462000000000001,1220834,62344,1158490,0.533,10.444,1630243,540302,1089941,4.622,13.947,-409409,-3.503,20.889,34412,35147,267870
1995,h) 11 to 15,618743,729446,12133656,12246920,12904,1.7209999999999999,53485,7.1339999999999995,1310715,65903,1244812,0.538,10.702,1532581,507248,1025333,4.142,12.514,-221866,-1.812,21.405,34974,35739,251450
1996,h) 11 to 15,642441,754794,12601396,12855754,12199,1.571,55992,7.209,1248174,57872,1190302,0.450,9.709,1757160,559843,1197317,4.355,13.668,-508986,-3.959,19.418,37725,38403,271731
1997,h) 11 to 15,678486,796851,13647507,13843660,13788,1.676,65413,7.9510000000000005,1638006,87539,1550467,0.632,11.832,2033704,682455,1351249,4.930,14.691,-395698,-2.858,23.664,40936,42264,312210
1998,h) 11 to 15,706288,833977,14856287,15061585,14033,1.635,62550,7.287999999999999,1646020,73482,1572538,0.488,10.929,2051916,681727,1370189,4.526,13.624,-405896,-2.695,21.857,38941,40096,296688
1999,h) 11 to 15,725965,864664,15599735,15876218,14826,1.6669999999999998,64674,7.27,1608312,72154,1536158,0.454,10.130,2165554,717405,1448149,4.519,13.640,-557242,-3.510,20.261,41184,42542,321459
2000,h) 11 to 15,711009,860015,16060402,16301353,13489,1.521,67660,7.627000000000001,1735696,70282,1665414,0.431,10.648,2220979,777517,1443462,4.770,13.625,-485283,-2.977,21.295,41342,42805,317742
2001,h) 11 to 15,708912,860758,15916812,16305326,15613,1.758,70130,7.897,1542240,82356,1459884,0.505,9.459,2320882,704258,1616624,4.319,14.234,-778642,-4.775,18.917,41889,43638,327398
2002,h) 11 to 15,692500,849720,14680441,15401163,17552,1.992,80233,9.106,1553323,100992,1452331,0.656,10.086,2996322,999273,1997049,6.488,19.455,-1442999,-9.369,20.172,45390,47936,489273
2003,h) 11 to 15,681868,837548,14355622,14623843,16991,1.9680000000000002,68621,7.9479999999999995,1606165,93170,1512995,0.637,10.983,2143341,648107,1495234,4.432,14.656,-537176,-3.673,21.966,40885,42197,296321
2004,h) 11 to 15,679485,826409,14054404,14268265,15422,1.814,62895,7.398,1474651,74077,1400574,0.519,10.335,1898155,595631,1302524,4.175,13.303,-423504,-2.968,20.670,39957,41116,273773
2005,h) 11 to 15,682559,831238,14001693,14300533,16574,1.9369999999999998,65213,7.622000000000001,1398908,86617,1312291,0.606,9.782,1991067,552796,1438271,3.866,13.923,-592159,-4.141,19.564,42166,43229,282722
2006,h) 11 to 15,683363,838142,14441331,14647803,18007,2.08,72940,8.426,1533758,84954,1448804,0.580,10.471,1952438,625415,1327023,4.270,13.329,-418680,-2.858,20.942,50149,51214,340184
2007,h) 11 to 15,687999,836327,14576093,14952580,17569,2.035,71534,8.286,1525379,93998,1431381,0.629,10.201,2276962,670561,1606401,4.485,15.228,-751583,-5.026,20.403,43621,44520,285270
2008,h) 11 to 15,695695,857482,15109934,15471225,14422,1.626,73568,8.294,1487482,70732,1416750,0.457,9.615,2215888,611776,1604112,3.954,14.323,-728406,-4.708,19.229,46394,47559,289456
2009,h) 11 to 15,693833,865828,14821650,15592316,16345,1.821,79883,8.9,1137092,72849,1064243,0.467,7.293,2683074,665804,2017270,4.270,17.208,-1545982,-9.915,14.585,49654,50886,334880
2010,h) 11 to 15,680608,862226,14704328,15171247,20043,2.254,73871,8.308,1199265,83694,1115571,0.552,7.905,2130918,572362,1558556,3.773,14.046,-931653,-6.141,15.810,44528,45621,283116
2011,h) 11 to 15,665559,856972,15199539,15365333,21110,2.394,70936,8.044,1467005,75581,1391424,0.492,9.547,1800247,545069,1255178,3.547,11.716,-333242,-2.169,19.095,42937,44916,255642
2012,h) 11 to 15,655849,858874,15843438,15975061,22072,2.505,66231,7.518,1559948,88170,1471778,0.552,9.765,1820956,551459,1269497,3.452,11.399,-261008,-1.634,19.530,37926,39058,243729
2013,h) 11 to 15,661160,879681,16516320,16648749,19291,2.136,66149,7.325,1593685,74938,1518747,0.450,9.572,1858807,565672,1293135,3.398,11.165,-265122,-1.592,19.145,38047,39013,259820
2014,h) 11 to 15,667628,889974,16914609,17045252,19269,2.114,62557,6.862,1556207,73088,1483119,0.429,9.130,1823894,546963,1276931,3.209,10.700,-267687,-1.570,18.260,38187,39107,252041
2015,h) 11 to 15,683940,902641,17153168,17277662,19338,2.0909999999999997,63655,6.882999999999999,1576084,75722,1500362,0.438,9.122,1823488,531343,1292145,3.075,10.554,-247404,-1.432,18.244,39610,40621,257051
2016,h) 11 to 15,708720,929260,17190993,17378497,19809,2.083,63296,6.656000000000001,1547211,83499,1463712,0.480,8.903,1923296,596282,1327014,3.431,11.067,-376085,-2.164,17.806,41612,42619,292429
2017,h) 11 to 15,749714,983223,17735417,17975351,19541,1.9340000000000002,73662,7.291,1711886,86178,1625708,0.479,9.524,2191180,687719,1503461,3.826,12.190,-479294,-2.666,19.047,46384,47781,339655
2018,h) 11 to 15,750680,989336,17558303,17710943,20279,1.999,70840,6.982,1656780,109474,1547306,0.618,9.355,1962671,569065,1393606,3.213,11.082,-305891,-1.727,18.709,50017,51858,320205
1978,i) 16 to 20,0,0,0,0,0,,0,,0,0,0,.,.,0,0,0,.,.,0,.,.,0,0,0
1979,i) 16 to 20,0,0,0,0,0,,0,,0,0,0,.,.,0,0,0,.,.,0,.,.,0,0,0
1980,i) 16 to 20,0,0,0,0,0,,0,,0,0,0,.,.,0,0,0,.,.,0,.,.,0,0,0
1981,i) 16 to 20,0,0,0,0,0,,0,,0,0,0,.,.,0,0,0,.,.,0,.,.,0,0,0
1982,i) 16 to 20,0,0,0,0,0,,0,,0,0,0,.,.,0,0,0,.,.,0,.,.,0,0,0
1983,i) 16 to 20,0,0,0,0,0,,0,,0,0,0,.,.,0,0,0,.,.,0,.,.,0,0,0
1984,i) 16 to 20,0,0,0,0,0,,0,,0,0,0,.,.,0,0,0,.,.,0,.,.,0,0,0
1985,i) 16 to 20,0,0,0,0,0,,0,,0,0,0,.,.,0,0,0,.,.,0,.,.,0,0,0
1986,i) 16 to 20,0,0,0,0,0,,0,,0,0,0,.,.,0,0,0,.,.,0,.,.,0,0,0
1987,i) 16 to 20,0,0,0,0,0,,0,,0,0,0,.,.,0,0,0,.,.,0,.,.,0,0,0
1988,i) 16 to 20,0,0,0,0,0,,0,,0,0,0,.,.,0,0,0,.,.,0,.,.,0,0,0
1989,i) 16 to 20,0,0,0,0,0,,0,,0,0,0,.,.,0,0,0,.,.,0,.,.,0,0,0
1990,i) 16 to 20,0,0,0,0,0,,0,,0,0,0,.,.,0,0,0,.,.,0,.,.,0,0,0
1991,i) 16 to 20,0,0,0,0,0,,0,,0,0,0,.,.,0,0,0,.,.,0,.,.,0,0,0
1992,i) 16 to 20,0,0,0,0,0,,0,,0,0,0,.,.,0,0,0,.,.,0,.,.,0,0,0
1993,i) 16 to 20,114601,140384,2539282,2587086,2219,1.536,10307,7.136,256696,11726,244970,0.453,9.922,353437,106520,246917,4.117,13.662,-96741,-3.739,19.844,6043,6143,40594
1994,i) 16 to 20,217749,264585,4724043,4791768,4012,1.476,18429,6.781000000000001,469693,19670,450023,0.410,9.802,604600,179050,425550,3.737,12.617,-134907,-2.815,19.604,11566,11905,83369
1995,i) 16 to 20,305989,369798,6672645,6734451,5599,1.474,25598,6.74,684049,31259,652790,0.464,10.157,807075,244286,562789,3.627,11.984,-123026,-1.827,20.315,16291,16736,106918
1996,i) 16 to 20,380596,459531,8348191,8491906,6266,1.327,31567,6.685,777553,30972,746581,0.365,9.156,1065529,303339,762190,3.572,12.548,-287976,-3.391,18.313,20898,21346,141772
1997,i) 16 to 20,449481,543739,10282815,10434582,8153,1.455,41466,7.399,1117429,49189,1068240,0.471,10.709,1417203,462507,954696,4.432,13.582,-299774,-2.873,21.418,24826,25583,185585
1998,i) 16 to 20,443726,525171,10071677,10194095,7110,1.318,35753,6.627000000000001,1029109,41897,987212,0.411,10.095,1270119,379375,890744,3.722,12.459,-241010,-2.364,20.190,22059,22550,152939
1999,i) 16 to 20,441042,519617,9984948,10162741,7167,1.344,34604,6.4879999999999995,957656,46201,911455,0.455,9.423,1313075,383526,929549,3.774,12.920,-355419,-3.497,18.846,22509,22927,175664
2000,i) 16 to 20,472484,550477,10426418,10563991,7173,1.27,36238,6.414,1028613,40175,988438,0.380,9.737,1305860,440113,865747,4.166,12.361,-277247,-2.624,19.474,22888,23435,173757
2001,i) 16 to 20,494396,573118,10850593,11069056,8492,1.446,36922,6.2860000000000005,1008599,46411,962188,0.419,9.112,1446419,425612,1020807,3.845,13.067,-437820,-3.955,18.224,23748,24420,191494
2002,i) 16 to 20,522437,605135,11074555,11604049,10103,1.62,47069,7.547999999999999,1023249,55635,967614,0.479,8.818,2079141,650007,1429134,5.602,17.917,-1055892,-9.099,17.636,28889,29775,328522
2003,i) 16 to 20,540115,628470,11802989,12006099,10283,1.5959999999999999,42289,6.562,1164203,63828,1100375,0.532,9.697,1569158,440026,1129132,3.665,13.070,-404955,-3.373,19.394,26223,26900,189563
2004,i) 16 to 20,555845,652145,12502951,12650675,10036,1.5030000000000001,41272,6.181,1165431,54946,1110485,0.434,9.212,1459704,405483,1054221,3.205,11.539,-294273,-2.326,18.425,26638,27264,189965
2005,i) 16 to 20,541006,644146,12683454,12922826,10366,1.568,44129,6.676,1101589,57789,1043800,0.447,8.524,1580296,417278,1163018,3.229,12.229,-478707,-3.704,17.049,28297,28965,193710
2006,i) 16 to 20,535128,642857,12838018,12995857,11627,1.7590000000000001,48269,7.3,1185580,57174,1128406,0.440,9.123,1503762,435507,1068255,3.351,11.571,-318182,-2.448,18.246,33513,34116,221678
2007,i) 16 to 20,525288,640946,12296741,12579970,10753,1.632,46245,7.021,1149320,57246,1092074,0.455,9.136,1716016,474015,1242001,3.768,13.641,-566696,-4.505,18.272,28032,28684,191340
2008,i) 16 to 20,513121,629972,11881557,12126385,8505,1.3119999999999998,45092,6.956,1049351,40968,1008383,0.338,8.653,1544722,412069,1132653,3.398,12.739,-495371,-4.085,17.307,28300,29092,181757
2009,i) 16 to 20,505377,616229,10990192,11503598,9198,1.4480000000000002,46976,7.396,751602,45315,706287,0.394,6.534,1782410,403498,1378912,3.508,15.494,-1030808,-8.961,13.067,29818,30566,208711
2010,i) 16 to 20,505302,617763,10627832,10961046,11576,1.8259999999999998,44270,6.981,791647,51053,740594,0.466,7.222,1457863,362255,1095608,3.305,13.300,-666216,-6.078,14.445,27311,28050,181861
2011,i) 16 to 20,508060,625651,11050889,11174007,12298,1.9169999999999998,43963,6.853,954859,50775,904084,0.454,8.545,1205086,315646,889440,2.825,10.785,-250227,-2.239,17.091,27786,28532,162372
2012,i) 16 to 20,514448,628154,11462925,11532500,13910,2.165,42704,6.646,1100657,57580,1043077,0.499,9.544,1239259,352451,886808,3.056,10.746,-138602,-1.202,19.088,25532,26127,169133
2013,i) 16 to 20,525626,651003,12225471,12346140,12074,1.811,43138,6.472,1078853,61987,1016866,0.502,8.738,1319515,374117,945398,3.030,10.688,-240662,-1.949,17.477,26508,26937,172350
2014,i) 16 to 20,534475,670241,12908056,13021898,12825,1.8730000000000002,41530,6.066,1072171,53488,1018683,0.411,8.234,1298803,351411,947392,2.699,9.974,-226632,-1.740,16.467,26847,27196,170609
2015,i) 16 to 20,530963,676316,13421596,13523923,12500,1.8090000000000002,41679,6.0329999999999995,1116261,50146,1066115,0.371,8.254,1318138,368319,949819,2.723,9.747,-201877,-1.493,16.508,27374,27920,174001
2016,i) 16 to 20,524667,679914,13902851,14055047,12439,1.7930000000000001,40495,5.836,1127263,47018,1080245,0.335,8.020,1432209,412428,1019781,2.934,10.190,-304946,-2.170,16.041,27365,27938,179060
2017,i) 16 to 20,513863,678033,14165797,14381705,11333,1.63,45404,6.532,1184438,53274,1131164,0.370,8.236,1619231,454612,1164619,3.161,11.259,-434793,-3.023,16.471,28843,29562,209041
2018,i) 16 to 20,518001,695452,14817256,14955761,11444,1.608,43544,6.12,1223290,67993,1155297,0.455,8.179,1502360,405753,1096607,2.713,10.045,-279070,-1.866,16.359,30449,31715,213498
1978,j) 21 to 25,0,0,0,0,0,,0,,0,0,0,.,.,0,0,0,.,.,0,.,.,0,0,0
1979,j) 21 to 25,0,0,0,0,0,,0,,0,0,0,.,.,0,0,0,.,.,0,.,.,0,0,0
1980,j) 21 to 25,0,0,0,0,0,,0,,0,0,0,.,.,0,0,0,.,.,0,.,.,0,0,0
1981,j) 21 to 25,0,0,0,0,0,,0,,0,0,0,.,.,0,0,0,.,.,0,.,.,0,0,0
1982,j) 21 to 25,0,0,0,0,0,,0,,0,0,0,.,.,0,0,0,.,.,0,.,.,0,0,0
1983,j) 21 to 25,0,0,0,0,0,,0,,0,0,0,.,.,0,0,0,.,.,0,.,.,0,0,0
1984,j) 21 to 25,0,0,0,0,0,,0,,0,0,0,.,.,0,0,0,.,.,0,.,.,0,0,0
1985,j) 21 to 25,0,0,0,0,0,,0,,0,0,0,.,.,0,0,0,.,.,0,.,.,0,0,0
1986,j) 21 to 25,0,0,0,0,0,,0,,0,0,0,.,.,0,0,0,.,.,0,.,.,0,0,0
1987,j) 21 to 25,0,0,0,0,0,,0,,0,0,0,.,.,0,0,0,.,.,0,.,.,0,0,0
1988,j) 21 to 25,0,0,0,0,0,,0,,0,0,0,.,.,0,0,0,.,.,0,.,.,0,0,0
1989,j) 21 to 25,0,0,0,0,0,,0,,0,0,0,.,.,0,0,0,.,.,0,.,.,0,0,0
1990,j) 21 to 25,0,0,0,0,0,,0,,0,0,0,.,.,0,0,0,.,.,0,.,.,0,0,0
1991,j) 21 to 25,0,0,0,0,0,,0,,0,0,0,.,.,0,0,0,.,.,0,.,.,0,0,0
1992,j) 21 to 25,0,0,0,0,0,,0,,0,0,0,.,.,0,0,0,.,.,0,.,.,0,0,0
1993,j) 21 to 25,0,0,0,0,0,,0,,0,0,0,.,.,0,0,0,.,.,0,.,.,0,0,0
1994,j) 21 to 25,0,0,0,0,0,,0,,0,0,0,.,.,0,0,0,.,.,0,.,.,0,0,0
1995,j) 21 to 25,0,0,0,0,0,,0,,0,0,0,.,.,0,0,0,.,.,0,.,.,0,0,0
1996,j) 21 to 25,0,0,0,0,0,,0,,0,0,0,.,.,0,0,0,.,.,0,.,.,0,0,0
1997,j) 21 to 25,0,0,0,0,0,,0,,0,0,0,.,.,0,0,0,.,.,0,.,.,0,0,0
1998,j) 21 to 25,87872,106394,2238013,2264351,1234,1.128,7222,6.602,216388,6748,209640,0.298,9.556,268124,78846,189278,3.482,11.841,-51736,-2.285,19.113,4243,4342,31565
1999,j) 21 to 25,166578,200251,4084371,4157484,2471,1.203,12613,6.143,366930,12779,354151,0.307,8.826,514484,147428,367056,3.546,12.375,-147554,-3.549,17.652,8055,8227,62341
2000,j) 21 to 25,234280,280186,5770836,5842223,3202,1.113,18242,6.341,536994,21550,515444,0.369,9.192,679323,216014,463309,3.697,11.628,-142329,-2.436,18.383,11489,11771,79942
2001,j) 21 to 25,294719,351406,7241737,7402840,4490,1.246,22498,6.242000000000001,607653,22874,584779,0.309,8.208,930262,265143,665119,3.582,12.566,-322609,-4.358,16.417,14239,14688,112049
2002,j) 21 to 25,347252,415416,8473134,8823421,6108,1.425,32283,7.534,759471,40639,718832,0.461,8.607,1461936,428844,1033092,4.860,16.569,-702465,-7.961,17.215,19608,20264,(S)
2003,j) 21 to 25,343460,401929,8075695,8234397,5935,1.4409999999999998,25793,6.263,761959,35459,726500,0.431,9.253,1078525,295743,782782,3.592,13.098,-316566,-3.844,18.507,16089,16454,113067
2004,j) 21 to 25,342783,398716,8062299,8171896,5072,1.2429999999999999,24007,5.881,720737,25060,695677,0.307,8.820,942155,261216,680939,3.197,11.529,-221418,-2.710,17.639,15692,16074,115365
2005,j) 21 to 25,372861,428828,8365752,8533674,5870,1.339,24805,5.659,674726,34657,640069,0.406,7.907,1009827,257073,752754,3.012,11.833,-335101,-3.927,15.813,16590,16831,139096
2006,j) 21 to 25,387836,444890,8817184,8907954,6796,1.4909999999999999,28592,6.273,764357,33155,731202,0.372,8.581,946586,250124,696462,2.808,10.626,-182229,-2.046,17.161,20477,20706,133630
2007,j) 21 to 25,410857,472539,9468674,9649370,7007,1.45,28716,5.941,842641,36839,805802,0.382,8.733,1203161,307438,895723,3.186,12.469,-360520,-3.736,17.465,18279,18557,124230
2008,j) 21 to 25,421396,488578,10076142,10264913,5756,1.15,29706,5.935,828645,28434,800211,0.277,8.073,1210437,300186,910251,2.924,11.792,-381792,-3.719,16.145,19851,20264,134239
2009,j) 21 to 25,429199,502596,10007556,10466543,6442,1.249,32923,6.382000000000001,592587,31261,561326,0.299,5.662,1510095,323908,1186187,3.095,14.428,-917508,-8.766,11.323,21329,21817,168485
2010,j) 21 to 25,414200,493027,10043850,10291005,8174,1.62,31249,6.193,691456,34572,656884,0.336,6.719,1183912,251397,932515,2.443,11.504,-492456,-4.785,13.438,19487,19958,123222
2011,j) 21 to 25,411087,494573,10043561,10130733,8306,1.641,31173,6.1610000000000005,775232,29657,745575,0.293,7.652,947674,230439,717235,2.275,9.354,-172442,-1.702,15.305,20177,20604,117026
2012,j) 21 to 25,406757,497486,9885727,9960611,9133,1.797,30508,6.002999999999999,860233,47230,813003,0.474,8.636,1011967,251912,760055,2.529,10.160,-151734,-1.523,17.273,18123,18562,118502
2013,j) 21 to 25,400532,492812,9781856,9853024,7666,1.5219999999999998,29709,5.897,802362,30465,771897,0.309,8.143,944896,260096,684800,2.640,9.590,-142534,-1.447,16.287,18207,18609,118403
2014,j) 21 to 25,399338,488002,9668598,9746502,7831,1.5730000000000002,27382,5.501,748692,34827,713865,0.357,7.682,906264,239774,666490,2.460,9.298,-157572,-1.617,15.363,18189,18511,112136
2015,j) 21 to 25,400907,492613,9782258,9834363,7586,1.5090000000000001,27922,5.553999999999999,767909,42409,725500,0.431,7.808,873197,226218,646979,2.300,8.879,-105288,-1.071,15.617,19157,19517,119488
2016,j) 21 to 25,406243,503021,10126155,10224893,7743,1.5090000000000001,27814,5.421,777858,32589,745269,0.319,7.607,980008,253762,726246,2.482,9.585,-202150,-1.977,15.215,19436,19925,131241
2017,j) 21 to 25,408924,502879,10427060,10526734,7397,1.436,31704,6.156000000000001,908288,37980,870308,0.361,8.628,1107179,327350,779829,3.110,10.518,-198891,-1.889,17.257,20974,21431,151783
2018,j) 21 to 25,416750,520852,11071838,11173716,7545,1.415,32210,6.041,867986,41644,826342,0.373,7.768,1074967,274481,800486,2.456,9.620,-206981,-1.852,15.536,23718,24595,157791
1978,k) 26+,0,0,0,0,0,,0,,0,0,0,.,.,0,0,0,.,.,0,.,.,0,0,0
1979,k) 26+,0,0,0,0,0,,0,,0,0,0,.,.,0,0,0,.,.,0,.,.,0,0,0
1980,k) 26+,0,0,0,0,0,,0,,0,0,0,.,.,0,0,0,.,.,0,.,.,0,0,0
1981,k) 26+,0,0,0,0,0,,0,,0,0,0,.,.,0,0,0,.,.,0,.,.,0,0,0
1982,k) 26+,0,0,0,0,0,,0,,0,0,0,.,.,0,0,0,.,.,0,.,.,0,0,0
1983,k) 26+,0,0,0,0,0,,0,,0,0,0,.,.,0,0,0,.,.,0,.,.,0,0,0
1984,k) 26+,0,0,0,0,0,,0,,0,0,0,.,.,0,0,0,.,.,0,.,.,0,0,0
1985,k) 26+,0,0,0,0,0,,0,,0,0,0,.,.,0,0,0,.,.,0,.,.,0,0,0
1986,k) 26+,0,0,0,0,0,,0,,0,0,0,.,.,0,0,0,.,.,0,.,.,0,0,0
1987,k) 26+,0,0,0,0,0,,0,,0,0,0,.,.,0,0,0,.,.,0,.,.,0,0,0
1988,k) 26+,0,0,0,0,0,,0,,0,0,0,.,.,0,0,0,.,.,0,.,.,0,0,0
1989,k) 26+,0,0,0,0,0,,0,,0,0,0,.,.,0,0,0,.,.,0,.,.,0,0,0
1990,k) 26+,0,0,0,0,0,,0,,0,0,0,.,.,0,0,0,.,.,0,.,.,0,0,0
1991,k) 26+,0,0,0,0,0,,0,,0,0,0,.,.,0,0,0,.,.,0,.,.,0,0,0
1992,k) 26+,0,0,0,0,0,,0,,0,0,0,.,.,0,0,0,.,.,0,.,.,0,0,0
1993,k) 26+,0,0,0,0,0,,0,,0,0,0,.,.,0,0,0,.,.,0,.,.,0,0,0
1994,k) 26+,0,0,0,0,0,,0,,0,0,0,.,.,0,0,0,.,.,0,.,.,0,0,0
1995,k) 26+,0,0,0,0,0,,0,,0,0,0,.,.,0,0,0,.,.,0,.,.,0,0,0
1996,k) 26+,0,0,0,0,0,,0,,0,0,0,.,.,0,0,0,.,.,0,.,.,0,0,0
1997,k) 26+,0,0,0,0,0,,0,,0,0,0,.,.,0,0,0,.,.,0,.,.,0,0,0
1998,k) 26+,0,0,0,0,0,,0,,0,0,0,.,.,0,0,0,.,.,0,.,.,0,0,0
1999,k) 26+,0,0,0,0,0,,0,,0,0,0,.,.,0,0,0,.,.,0,.,.,0,0,0
2000,k) 26+,0,0,0,0,0,,0,,0,0,0,.,.,0,0,0,.,.,0,.,.,0,0,0
2001,k) 26+,0,0,0,0,0,,0,,0,0,0,.,.,0,0,0,.,.,0,.,.,0,0,0
2002,k) 26+,0,0,0,0,0,,0,,0,0,0,.,.,0,0,0,.,.,0,.,.,0,0,0
2003,k) 26+,67519,81112,1790519,1836916,1021,1.229,4960,5.97,161168,6207,154961,0.338,8.774,254050,59488,194562,3.238,13.830,-92882,-5.056,17.548,2908,2982,20207
2004,k) 26+,129205,153746,3317091,3360155,1753,1.114,9019,5.731,274607,8719,265888,0.259,8.172,360523,101579,258944,3.023,10.729,-85916,-2.557,16.345,5711,5995,41094
2005,k) 26+,182661,216541,4610721,4683011,2599,1.173,12762,5.757999999999999,373575,18801,354774,0.401,7.977,519713,122569,397144,2.617,11.098,-146138,-3.121,15.954,8468,8595,52921
2006,k) 26+,228980,271400,5955383,6017733,3564,1.28,17814,6.396,499447,21116,478331,0.351,8.300,624053,158602,465451,2.636,10.370,-124606,-2.071,16.599,12804,12982,82111
2007,k) 26+,272372,324180,7208952,7357358,4218,1.27,20338,6.121,595973,27058,568915,0.368,8.100,894269,228513,665756,3.106,12.155,-298296,-4.054,16.201,12922,13125,83762
2008,k) 26+,318007,377295,8481977,8606495,3808,0.985,22614,5.848,670970,21179,649791,0.246,7.796,922134,228655,693479,2.657,10.714,-251164,-2.918,15.592,15214,15424,101849
2009,k) 26+,362543,430730,9239111,9624081,4535,1.026,26771,6.059,549204,24383,524821,0.253,5.707,1320170,269627,1050543,2.802,13.717,-770966,-8.011,11.413,17766,18045,142494
2010,k) 26+,430516,507609,10295516,10591879,6822,1.318,27030,5.221,624639,33379,591260,0.315,5.897,1219378,248834,970544,2.349,11.512,-594739,-5.615,11.795,17802,18133,121198
2011,k) 26+,481701,568031,11754434,11881130,7502,1.294,30919,5.332999999999999,829033,32362,796671,0.272,6.978,1082864,229109,853755,1.928,9.114,-253831,-2.136,13.955,21145,21472,121487
2012,k) 26+,535876,635631,13561685,13669720,9341,1.442,34057,5.256,1063672,63116,1000556,0.462,7.781,1280238,281814,998424,2.062,9.366,-216566,-1.584,15.562,21998,22510,134886
2013,k) 26+,582208,694467,15307526,15459347,8644,1.219,37397,5.276,1131844,38755,1093089,0.251,7.321,1433990,351616,1082374,2.274,9.276,-302146,-1.954,14.643,25081,25516,164452
2014,k) 26+,626942,754427,16918017,17071366,9522,1.238,39443,5.127000000000001,1105081,42576,1062505,0.249,6.473,1414155,331056,1083099,1.939,8.284,-309074,-1.810,12.947,27424,27947,170785
2015,k) 26+,668195,810112,18626567,18747728,10136,1.227,42323,5.122999999999999,1295257,51281,1243976,0.274,6.909,1536973,363113,1173860,1.937,8.198,-241716,-1.289,13.818,30500,30999,190810
2016,k) 26+,707855,862974,20062773,20220324,10911,1.24,44881,5.1,1373876,51212,1322664,0.253,6.795,1689262,405831,1283431,2.007,8.354,-315386,-1.560,13.589,33088,33991,238795
2017,k) 26+,741625,913228,21422710,21621965,10525,1.125,54992,5.879,1671386,60434,1610952,0.280,7.730,2070386,543822,1526564,2.515,9.575,-399000,-1.845,15.460,36308,37318,251506
2018,k) 26+,770557,955339,22977324,23160779,10990,1.125,53707,5.499,1609928,84577,1525351,0.365,6.951,1980985,480470,1500515,2.074,8.553,-371057,-1.602,13.902,40889,42129,264818
1978,l) Left Censored,2713653,3234698,59875894,59451308,64754,1.919,(S),(S),8893008,676369,8216639,1.138,14.958,8038143,3228799,4809344,5.431,13.521,854865,1.438,27.041,(S),(S),1380487
1979,l) Left Censored,2529683,3018119,59907651,59786228,57384,1.8430000000000002,249773,8.02,7605058,596752,7008306,0.998,12.720,7350588,2465053,4885535,4.123,12.295,254470,0.426,24.590,161543,164200,1022611
1980,l) Left Censored,2345133,2809749,57511112,58736933,47202,1.626,234580,8.079,5889129,567054,5322075,0.965,10.026,8332060,2239948,6092112,3.814,14.185,-2442931,-4.159,20.053,156381,159396,1025714
1981,l) Left Censored,2205224,2643426,54879750,56144095,40844,1.504,186253,6.857,5041462,(S),4728947,(S),8.980,7559121,1812845,5746276,3.229,13.464,-2517659,-4.484,17.959,117148,119903,729786
1982,l) Left Censored,2060338,2474548,52277870,53522620,(S),(S),205733,8.072000000000001,5199312,(S),4395353,(S),9.714,7682645,1878583,5804062,3.510,14.354,-2483333,-4.640,19.428,135179,138365,826467
1983,l) Left Censored,1946808,2329204,48762331,50208388,37782,1.5830000000000002,153660,6.437,4603840,199122,4404718,0.397,9.169,7486353,1634246,5852107,3.255,14.911,-2882513,-5.741,18.339,101416,103452,678127
1984,l) Left Censored,1840912,2204405,48791269,48638008,35773,1.5859999999999999,138921,6.1579999999999995,5405564,281913,5123651,0.580,11.114,5092845,1306061,3786784,2.685,10.471,312719,0.643,20.942,98126,99539,611882
1985,l) Left Censored,1716664,2058030,47422833,47900361,30265,1.429,150892,7.122999999999999,4815722,184686,4631036,0.386,10.054,5778476,1816954,3961522,3.793,12.064,-962754,-2.010,20.107,106980,108739,858597
1986,l) Left Censored,1610683,1931833,45737608,46426465,25844,1.3030000000000002,129887,6.547000000000001,4354993,181923,4173070,0.392,9.380,5727050,1451575,4275475,3.127,12.336,-1372057,-2.955,18.761,89989,91612,621987
1987,l) Left Censored,1497279,1791699,43788153,44864529,27916,1.514,132064,7.162999999999999,4223410,242146,3981264,0.540,9.414,6387414,1696506,4690908,3.781,14.237,-2164004,-4.823,18.827,87048,88865,694824
1988,l) Left Censored,1425431,1705464,42459517,43067415,23944,1.37,107369,6.145,3992839,187140,3805699,0.435,9.271,5204371,1443432,3760939,3.352,12.084,-1211532,-2.813,18.542,73810,75364,616810
1989,l) Left Censored,1346709,1613710,41421914,41817764,22117,1.338,99748,6.0360000000000005,3786116,193878,3592238,0.464,9.054,4582953,1210229,3372724,2.894,10.959,-796837,-1.905,18.108,71868,73332,551222
1990,l) Left Censored,1278016,1532145,40393870,40863022,19678,1.256,89098,5.686,3339526,200777,3138749,0.491,8.172,4269371,995780,3273591,2.437,10.448,-929845,-2.276,16.345,64333,65760,483001
1991,l) Left Censored,1200422,1441851,37588116,38853402,16667,1.127,89504,6.055,2658616,150454,2508162,0.387,6.843,5191763,1220738,3971025,3.142,13.362,-2533147,-6.520,13.685,64446,65563,685880
1992,l) Left Censored,1136045,1361799,36256943,36910275,14854,1.064,82840,5.935,2963552,126614,2836938,0.343,8.029,4273796,911016,3362780,2.468,11.579,-1310244,-3.550,16.058,53691,54717,379250
1993,l) Left Censored,1082250,1293101,35123675,35674925,13556,1.022,79277,5.979,2795630,99863,2695767,0.280,7.836,3900239,943295,2956944,2.644,10.933,-1104609,-3.096,15.673,52407,53481,369332
1994,l) Left Censored,1035243,1233411,34344303,34797023,11974,0.9470000000000001,74027,5.855,2642112,82187,2559925,0.236,7.593,3548587,925553,2623034,2.660,10.198,-906475,-2.605,15.186,50056,51054,392569
1995,l) Left Censored,986962,1174377,33714309,34002213,10806,0.898,67673,5.626,2595069,71840,2523229,0.211,7.632,3171408,781565,2389843,2.299,9.327,-576339,-1.695,15.264,47388,48432,356478
1996,l) Left Censored,930307,1107648,32212742,32762525,9114,0.802,65501,5.767,2295001,61843,2233158,0.189,7.005,3400936,866706,2534230,2.645,10.381,-1105935,-3.376,14.010,46087,46876,354221
1997,l) Left Censored,882651,1047463,31542246,31900598,9538,0.8859999999999999,67843,6.3020000000000005,2656350,75729,2580621,0.237,8.327,3362066,923353,2438713,2.894,10.539,-705716,-2.212,16.654,44313,45438,378935
1998,l) Left Censored,847104,1002839,31361736,31717738,8205,0.799,57219,5.57,2431819,67518,2364301,0.213,7.667,3140320,828140,2312180,2.611,9.901,-708501,-2.234,15.334,38192,39032,311706
1999,l) Left Censored,806844,955193,30525884,30935404,8190,0.8370000000000001,53819,5.502999999999999,2209979,58716,2151263,0.190,7.144,3029655,795527,2234128,2.572,9.793,-819676,-2.650,14.288,37176,37944,325778
2000,l) Left Censored,769817,909678,29926114,30283855,7098,0.762,51578,5.535,2274809,48243,2226566,0.159,7.512,2991030,823082,2167948,2.718,9.877,-716221,-2.365,15.023,34708,35452,296647
2001,l) Left Censored,732353,864355,28658511,29187803,7605,0.86,48363,5.466,1928258,58570,1869688,0.201,6.606,2979898,762290,2217608,2.612,10.209,-1051640,-3.603,13.213,32475,33128,272975
2002,l) Left Censored,697899,821089,26970607,27928473,8482,1.005,54157,6.417000000000001,1909586,68758,1840828,0.246,6.837,3824214,1061358,2762856,3.800,13.693,-1914628,-6.855,13.675,35563,36518,523115
2003,l) Left Censored,668888,784687,26056388,26508789,7350,0.917,41856,5.218999999999999,1940028,91173,1848855,0.344,7.318,2829703,614106,2215597,2.317,10.675,-889675,-3.356,14.637,27576,28164,221563
2004,l) Left Censored,641704,751784,25275218,25635010,5821,0.758,37397,4.872,1672561,45664,1626897,0.178,6.525,2388727,559480,1829247,2.182,9.318,-716166,-2.794,13.049,25874,26439,226875
2005,l) Left Censored,614950,720133,24539867,24952607,5974,0.812,36415,4.952,1547427,51353,1496074,0.206,6.201,2371442,475461,1895981,1.905,9.504,-824015,-3.302,12.403,25747,26102,200275
2006,l) Left Censored,585168,685975,24050914,24296829,6246,0.89,38452,5.477,1608540,45699,1562841,0.188,6.620,2103023,445735,1657288,1.835,8.656,-494483,-2.035,13.241,28651,28999,206805
2007,l) Left Censored,558641,655606,23421435,23724758,5606,0.8370000000000001,34156,5.099,1635838,49948,1585890,0.211,6.895,2250806,493519,1757287,2.080,9.487,-614968,-2.592,13.790,22947,23233,195470
2008,l) Left Censored,535665,627593,22875520,23133965,4092,0.639,30380,4.7410000000000005,1469438,32731,1436707,0.141,6.352,1987057,398320,1588737,1.722,8.589,-517619,-2.237,12.704,21130,21418,169462
2009,l) Left Censored,514380,602567,21464054,22172198,4351,0.708,29177,4.744,1075192,36985,1038207,0.167,4.849,2485438,420225,2065213,1.895,11.210,-1410246,-6.360,9.699,20458,20813,219157
2010,l) Left Censored,495700,580431,20492016,20950433,4664,0.789,25566,4.327,1005761,32307,973454,0.154,4.801,1921781,330307,1591474,1.577,9.173,-916020,-4.372,9.601,17533,17779,135648
2011,l) Left Censored,476391,558669,20143326,20296357,4438,0.78,24814,4.362,1161798,29759,1132039,0.147,5.724,1466220,276959,1189261,1.365,7.224,-304422,-1.500,11.448,17651,17883,129278
2012,l) Left Censored,459657,539399,19953154,20035809,5024,0.9159999999999999,22858,4.169,1265866,35109,1230757,0.175,6.318,1431234,263463,1167771,1.315,7.143,-165368,-0.825,12.636,15284,15549,115293
2013,l) Left Censored,442326,519302,19612018,19775521,3869,0.732,22544,4.265,1123089,27094,1095995,0.137,5.679,1450586,290918,1159668,1.471,7.335,-327497,-1.656,11.358,15786,16023,140347
2014,l) Left Censored,426574,501620,19393894,19483875,3828,0.7509999999999999,20233,3.969,1072407,27281,1045126,0.140,5.504,1252949,239548,1013401,1.229,6.431,-180542,-0.927,11.008,14945,15123,116524
2015,l) Left Censored,410585,483834,19172353,19267164,3512,0.7140000000000001,20114,4.087,1095071,27913,1067158,0.145,5.684,1286333,265868,1020465,1.380,6.676,-191262,-0.993,11.367,15006,15171,117098
2016,l) Left Censored,395602,467129,18972302,19068246,3493,0.736,18924,3.985,1046956,24556,1022400,0.129,5.491,1238273,242149,996124,1.270,6.494,-191317,-1.003,10.981,14392,14686,124734
2017,l) Left Censored,379710,448467,18708154,18840527,3261,0.713,20663,4.52,1144542,30555,1113987,0.162,6.075,1414031,297690,1116341,1.580,7.505,-269489,-1.430,12.150,14107,14318,132150
2018,l) Left Censored,365612,431998,18548632,18627073,3019,0.687,18162,4.132,1044730,34037,1010693,0.183,5.609,1204568,216266,988302,1.161,6.467,-159838,-0.858,11.217,14164,14454,120704
